code;name;uf;latitude;longitude
2410900;"Riachuelo";RN;-5.8179;-35.8247
4202438;"Bocaina do Sul";SC;-27.7442;-49.9444
4316204;"Rondinha";RS;-27.8313;-52.9079
3118205;"Conquista";MG;-19.9370;-47.5443
3110806;"Campanário";MG;-18.2389;-41.7298
5219357;"Santa Isabel";GO;-15.2984;-49.4249
4210605;"Massaranduba";SC;-26.6170;-49.0089
5210802;"Itajá";GO;-19.0680;-51.5449
3543402;"Ribeirão Preto";SP;-21.1767;-47.8065
4120408;"Presidente Castelo Branco";PR;-23.2794;-52.1524
4104055;"Campo Bonito";PR;-25.0335;-52.9950
2905909;"Campo Alegre de Lourdes";BA;-9.5165;-43.0105
3167509;"Simão Pereira";MG;-21.9650;-43.3137
2206001;"Marcos Parente";PI;-7.1176;-43.8924
4128708;"Vitorino";PR;-26.2679;-52.7824
3518859;"Guatapará";SP;-21.4956;-48.0393
2500304;"Alagoa Grande";PB;-7.0392;-35.6305
2402709;"Cerro Corá";RN;-6.0455;-36.3464
2508604;"Lucena";PB;-6.8989;-34.8706
2100402;"Altamira do Maranhão";MA;-4.1670;-45.4648
2709152;"Teotônio Vilela";AL;-9.9078;-36.3521
4308003;"Faxinal do Soturno";RS;-29.5810;-53.4465
5103700;"Feliz Natal";MT;-12.3887;-54.9360
3102605;"Andradas";MG;-22.0694;-46.5709
4202404;"Blumenau";SC;-26.9144;-49.0693
2312809;"Senador Sá";CE;-3.3523;-40.4639
5202601;"Aurilândia";GO;-16.6788;-50.4652
3518206;"Guararapes";SP;-21.2543;-50.6440
4112207;"Janiópolis";PR;-24.1415;-52.7814
3159308;"Santa Rita de Jacutinga";MG;-22.1489;-44.0951
4218103;"Timbé do Sul";SC;-28.8326;-49.8469
4120507;"Primeiro de Maio";PR;-22.8531;-51.0246
5006903;"Porto Murtinho";MS;-21.6979;-57.8889
2516755;"Tenório";PB;-6.9402;-36.6276
2500403;"Alagoa Nova";PB;-7.0610;-35.7633
1507706;"São Sebastião da Boa Vista";PA;-1.7184;-49.5326
5103809;"Figueirópolis D'Oeste";MT;-15.4461;-58.7375
2922052;"Mulungu do Morro";BA;-11.9673;-41.6375
2410207;"Portalegre";RN;-6.0267;-37.9873
3142809;"Monte Alegre de Minas";MG;-18.8620;-48.8652
1716109;"Paraíso do Tocantins";TO;-10.1767;-48.8811
2807501;"Tomar do Geru";SE;-11.3748;-37.8410
2304608;"General Sampaio";CE;-4.0515;-39.4506
3510005;"Cândido Mota";SP;-22.7446;-50.3895
3502606;"Aparecida d'Oeste";SP;-20.4502;-50.8809
2516607;"Tavares";PB;-7.6338;-37.8765
2913903;"Ipiaú";BA;-14.1360;-39.7367
3110103;"Caiana";MG;-20.6955;-41.9232
4209904;"Lontras";SC;-27.1699;-49.5429
4307831;"Eugênio de Castro";RS;-28.5261;-54.1483
4128658;"Virmond";PR;-25.3825;-52.2047
4112306;"Japira";PR;-23.8123;-50.1405
2930204;"Sento Sé";BA;-9.7395;-41.8830
2508554;"Logradouro";PB;-6.6148;-35.4424
4316006;"Rolante";RS;-29.6524;-50.5750
3134608;"Jaboticatubas";MG;-19.5176;-43.7465
2108900;"Poção de Pedras";MA;-4.7528;-44.9448
2701308;"Cajueiro";AL;-9.3957;-36.1508
1400605;"São Luiz do Anauá";RR;1.0166;-60.0446
4128005;"Ubiratã";PR;-24.5393;-52.9905
2205805;"Luzilândia";PI;-3.4598;-42.3724
2402006;"Caicó";RN;-6.4627;-37.0943
4307815;"Estrela Velha";RS;-29.1774;-53.1561
2807600;"Umbaúba";SE;-11.3824;-37.6567
2304707;"Granja";CE;-3.1196;-40.8258
2410306;"Serra Caiada";RN;-6.1070;-35.7122
3101904;"Alpinópolis";MG;-20.8647;-46.3881
4201703;"Ascurra";SC;-26.9565;-49.3766
4307807;"Estrela";RS;-29.5021;-51.9674
3143153;"Monte Formoso";MG;-16.8664;-41.2555
2905701;"Camaçari";BA;-12.7058;-38.3202
2508406;"Lastro";PB;-6.5150;-38.1781
4104105;"Campo do Tenente";PR;-25.9795;-49.6837
2100709;"Anajatuba";MA;-3.2656;-44.6178
3110202;"Cajuri";MG;-20.7894;-42.7960
2922003;"Mucuri";BA;-18.0869;-39.5516
4119806;"Planalto";PR;-25.7184;-53.7697
5219258;"Santa Fé de Goiás";GO;-15.7728;-51.1035
3534609;"Osvaldo Cruz";SP;-21.7951;-50.8765
2402105;"Campo Redondo";RN;-6.2419;-36.1854
2615706;"Triunfo";PE;-7.8358;-38.1063
2500205;"Aguiar";PB;-7.0916;-38.1724
3305703;"Sumidouro";RJ;-22.0485;-42.6734
5211206;"Itapuranga";GO;-15.5610;-49.9466
1507755;"Sapucaia";PA;-6.9429;-49.6997
4127965;"Turvo";PR;-25.0430;-51.5394
3167400;"Silvianópolis";MG;-22.0295;-45.8359
3102001;"Alterosa";MG;-21.2487;-46.1424
4307906;"Farroupilha";RS;-29.2239;-51.3482
3502408;"Anhumas";SP;-22.2960;-51.3860
4127957;"Tupãssi";PR;-24.5855;-53.5155
4111605;"Ivatuba";PR;-23.6195;-52.2170
3526407;"Laranjal Paulista";SP;-23.0521;-47.8379
2410256;"Porto do Mangue";RN;-5.0675;-36.7802
5104104;"Guarantã do Norte";MT;-9.9525;-54.9021
1707207;"Dois Irmãos do Tocantins";TO;-9.2547;-49.0655
2304657;"Graça";CE;-4.0454;-40.7522
3159209;"Santa Rita de Caldas";MG;-22.0289;-46.3375
1715507;"Oliveira de Fátima";TO;-10.7092;-48.9119
2607505;"Itaíba";PE;-8.9472;-37.4228
3126752;"Franciscópolis";MG;-17.9603;-42.0064
1400407;"Normandia";RR;3.8793;-59.6280
2930006;"Sebastião Laranjeiras";BA;-14.5700;-42.9435
2313203;"Tamboril";CE;-4.8284;-40.3184
2410108;"Poço Branco";RN;-5.6214;-35.6571
5219209;"Santa Cruz de Goiás";GO;-17.3167;-48.4823
3502507;"Aparecida";SP;-22.8489;-45.2285
4103404;"Cafeara";PR;-22.7885;-51.7129
2807402;"Tobias Barreto";SE;-11.1881;-38.0032
2701357;"Campestre";AL;-8.8502;-35.5659
3151008;"Piranguinho";MG;-22.4021;-45.5321
3110004;"Caeté";MG;-19.8985;-43.6707
2205854;"Madeiro";PI;-3.4832;-42.4988
2921807;"Mortugaba";BA;-15.0230;-42.3689
4307864;"Fagundes Varela";RS;-28.8851;-51.7046
3143203;"Monte Santo de Minas";MG;-21.1904;-46.9803
2914307;"Iramaia";BA;-13.2930;-40.9584
1707306;"Dueré";TO;-11.3430;-49.2691
2615003;"Taquaritinga do Norte";PE;-7.9026;-36.0441
2930105;"Senhor do Bonfim";BA;-10.4620;-40.1913
2108801;"Pirapemas";MA;-3.7292;-44.2243
2305001;"Guaraciaba do Norte";CE;-4.1620;-40.7525
2401909;"Caiçara do Rio do Vento";RN;-5.7596;-35.9987
1400506;"São João da Baliza";RR;0.9501;-59.9103
4307203;"Erval Grande";RS;-27.3896;-52.5699
5211008;"Itapirapuã";GO;-15.8230;-50.6137
4217956;"Tigrinhos";SC;-26.6885;-53.1522
3101805;"Alpercata";MG;-18.9794;-41.9841
2206209;"Miguel Alves";PI;-4.1660;-42.8947
1302801;"Maraã";AM;-1.8604;-65.5913
4201604;"Arroio Trinta";SC;-26.9310;-51.3352
4103370;"Brasilândia do Sul";PR;-24.1957;-53.5265
3551009;"São Vicente";SP;-23.9667;-46.3830
3167707;"Sobrália";MG;-19.2363;-42.0972
3135001;"Jaguaraçu";MG;-19.6471;-42.7513
3305752;"Tanguá";RJ;-22.7360;-42.7213
2606804;"Igarassu";PE;-7.8332;-34.9065
2921906;"Mucugê";BA;-13.0056;-41.3695
2906105;"Canápolis";BA;-13.0710;-44.2013
2100600;"Amarante do Maranhão";MA;-5.5690;-46.7471
4103479;"Cafezal do Sul";PR;-23.9056;-53.5178
1400472;"Rorainópolis";RR;0.9324;-60.4253
2615102;"Terezinha";PE;-9.0572;-36.6240
2508802;"Malta";PB;-6.9076;-37.5212
5202809;"Avelinópolis";GO;-16.4660;-49.7576
5218508;"Quirinópolis";GO;-18.4484;-50.4531
4315354;"Quinze de Novembro";RS;-28.7416;-53.0941
3534500;"Oscar Bressane";SP;-22.3186;-50.2828
3305604;"Silva Jardim";RJ;-22.6512;-42.3902
3501806;"Américo de Campos";SP;-20.2992;-49.7319
3126802;"Frei Gaspar";MG;-18.0648;-41.4286
1400456;"Pacaraima";RR;4.4832;-61.1392
3542800;"Ribeira";SP;-24.6587;-49.0080
2606903;"Iguaracy";PE;-7.8357;-37.5152
3159506;"Santa Rita do Itueto";MG;-19.3587;-41.3798
2313252;"Tarrafas";CE;-6.6825;-39.7582
4127858;"Três Barras do Paraná";PR;-25.4226;-53.1900
3167806;"Soledade de Minas";MG;-22.0592;-45.0441
3526308;"Lagoinha";SP;-23.0904;-45.1896
2929404;"São Miguel das Matas";BA;-13.0481;-39.4558
2500601;"Alhandra";PB;-7.4364;-34.9127
4103453;"Cafelândia";PR;-24.6198;-53.3192
3509957;"Canas";SP;-22.7022;-45.0530
1707108;"Divinópolis do Tocantins";TO;-9.8001;-49.2114
5218607;"Rialma";GO;-15.3146;-49.5792
3143005;"Monte Belo";MG;-21.3262;-46.3679
4315453;"Relvado";RS;-29.1132;-52.0709
3118601;"Contagem";MG;-19.9192;-44.0928
4209854;"Lindóia do Sul";SC;-27.0524;-52.0846
3151305;"Piraúba";MG;-21.2766;-43.0263
4119657;"Pitangueiras";PR;-23.2333;-51.5856
3159605;"Santa Rita do Sapucaí";MG;-22.2525;-45.7040
3518107;"Guarantã";SP;-21.8973;-49.5904
2921203;"Miguel Calmon";BA;-11.4277;-40.5951
2500577;"Algodão de Jandaíra";PB;-6.9042;-36.0111
4323606;"Vista Alegre do Prata";RS;-28.8070;-51.7850
1507102;"São Caetano de Odivelas";PA;-0.7475;-48.0198
3134806;"Jacuí";MG;-21.0160;-46.7419
3143104;"Monte Carmelo";MG;-18.7293;-47.4968
4218004;"Tijucas";SC;-27.2428;-48.6319
3550803;"São Sebastião da Grama";SP;-21.7109;-46.8211
2929370;"São José do Jacuípe";BA;-11.5042;-40.0242
4201653;"Arvoredo";SC;-27.0745;-52.4575
3305554;"Seropédica";RJ;-22.7430;-43.7056
3151404;"Pitangui";MG;-19.6827;-44.8900
3110400;"Camacho";MG;-20.6252;-45.1574
3509908;"Cananéia";SP;-25.0104;-47.9299
5103957;"Glória D'Oeste";MT;-15.7673;-58.3112
4323457;"Vila Nova do Sul";RS;-30.3448;-53.8812
2929354;"São José da Vitória";BA;-15.0809;-39.3381
4315404;"Redentora";RS;-27.6624;-53.6416
2709400;"Viçosa";AL;-9.3747;-36.2432
3126604;"Francisco Dumont";MG;-17.3145;-44.2318
3534807;"Ouro Verde";SP;-21.4881;-51.7017
1302702;"Manicoré";AM;-7.9257;-61.5645
2402303;"Caraúbas";RN;-5.7945;-37.5582
3134905;"Jacutinga";MG;-22.2883;-46.6142
4209805;"Leoberto Leal";SC;-27.5075;-49.2875
3167608;"Simonésia";MG;-20.1233;-42.0024
3102209;"Alvarenga";MG;-19.4190;-41.7277
3542602;"Registro";SP;-24.4956;-47.8453
2606705;"Ibirajuba";PE;-8.5797;-36.1781
3550902;"São Simão";SP;-21.4774;-47.5547
4127908;"Tuneiras do Oeste";PR;-23.8705;-52.8770
4111555;"Ivaté";PR;-23.4065;-53.3750
2701209;"Cacimbinhas";AL;-9.3998;-36.9909
4218350;"Treviso";SC;-28.5149;-49.4576
2517001;"Umbuzeiro";PB;-7.6969;-35.6627
3126703;"Francisco Sá";MG;-16.4763;-43.4901
3159407;"Santa Rita de Ibitipoca";MG;-21.5628;-43.9148
3526605;"Lavrinhas";SP;-22.5679;-44.9060
2614857;"Tamandaré";PE;-8.7468;-35.0937
3534906;"Pacaembu";SP;-21.5668;-51.2634
3142403;"Moema";MG;-19.8435;-45.4147
4119707;"Planaltina do Paraná";PR;-23.0217;-52.9183
3542701;"Restinga";SP;-20.6029;-47.4839
5218391;"Professor Jamil";GO;-17.2495;-49.2428
1715705;"Palmeirante";TO;-7.8580;-47.9253
4323408;"Vila Maria";RS;-28.5341;-52.1520
4127882;"Tunas do Paraná";PR;-24.9740;-49.0861
1506906;"Santarém Novo";PA;-0.9287;-47.3989
4103354;"Braganey";PR;-24.8179;-53.1208
4307054;"Ernestina";RS;-28.4986;-52.5729
2708709;"São Miguel dos Milagres";AL;-9.2656;-35.3727
3118502;"Consolação";MG;-22.5528;-45.9231
3526704;"Leme";SP;-22.1855;-47.3887
5202155;"Araguapaz";GO;-15.0939;-50.6323
2206050;"Massapê do Piauí";PI;-7.4641;-41.1257
3151206;"Pirapora";MG;-17.3514;-44.9483
2304954;"Guaiúba";CE;-4.0397;-38.6349
2108108;"Paulo Ramos";MA;-4.4450;-45.2423
4323507;"Vista Alegre";RS;-27.3694;-53.4928
3134202;"Ituiutaba";MG;-18.9691;-49.4643
4111506;"Ivaiporã";PR;-24.2384;-51.6667
1507003;"Santo Antônio do Tauá";PA;-1.1521;-48.1298
4201950;"Balneário Arroio do Silva";SC;-28.9875;-49.4132
1400704;"Uiramutã";RR;4.5948;-60.1632
1303007;"Nhamundá";AM;-2.1898;-56.7121
2700508;"Barra de Santo Antônio";AL;-9.4117;-35.5071
5103361;"Conquista D'Oeste";MT;-14.5375;-59.5440
3518503;"Guareí";SP;-23.3731;-48.1845
4315321;"Quevedos";RS;-29.3526;-54.0721
5103353;"Confresa";MT;-10.6540;-51.5712
2313104;"Tabuleiro do Norte";CE;-5.2512;-38.1304
3551207;"Sarutaiá";SP;-23.2752;-49.4792
2929255;"São Gabriel";BA;-11.2275;-41.8761
3126000;"Florestal";MG;-19.8875;-44.4329
4315313;"Quatro Irmãos";RS;-27.8197;-52.4457
4103305;"Borrazópolis";PR;-23.9399;-51.5838
4218400;"Treze de Maio";SC;-28.5591;-49.1480
2108207;"Pedreiras";MA;-4.5703;-44.6051
4315305;"Quaraí";RS;-30.3895;-56.4528
4128203;"União da Vitória";PR;-26.2307;-51.0882
2615300;"Timbaúba";PE;-7.5129;-35.3173
3534708;"Ourinhos";SP;-22.9811;-49.8659
2700607;"Barra de São Miguel";AL;-9.8428;-35.9032
2410504;"Rafael Fernandes";RN;-6.1944;-38.2251
1303106;"Nova Olinda do Norte";AM;-3.8859;-59.0901
2914208;"Irajuba";BA;-13.2516;-40.0842
2304905;"Groaíras";CE;-3.9148;-40.3824
4210209;"Major Gercino";SC;-27.4176;-48.9529
3510302;"Capela do Alto";SP;-23.4688;-47.7342
2516904;"Uiraúna";PB;-6.5212;-38.4110
3117801;"Conceição dos Ouros";MG;-22.4124;-45.7969
5210406;"Itaberaí";GO;-16.0223;-49.8005
3543006;"Ribeirão Branco";SP;-24.2214;-48.7664
2607109;"Ingazeira";PE;-7.6766;-37.4590
1715754;"Palmeirópolis";TO;-13.0422;-48.4095
2304251;"Cruz";CE;-2.9306;-40.1807
2921054;"Matina";BA;-13.9072;-42.8408
4307104;"Herval";RS;-32.0267;-53.3950
5103304;"Comodoro";MT;-13.6601;-59.7902
3526506;"Lavínia";SP;-21.1686;-51.0403
2206100;"Matias Olímpio";PI;-3.7155;-42.5545
2500536;"Alcantil";PB;-7.7423;-36.0649
4128302;"Uniflor";PR;-23.0832;-52.1575
4202008;"Balneário Camboriú";SC;-26.9908;-48.6343
2304236;"Croatá";CE;-4.4132;-40.9025
5218805;"Rio Verde";GO;-17.7853;-50.9081
2906006;"Campo Formoso";BA;-10.5087;-40.3208
2508703;"Mãe d'Água";PB;-7.2589;-37.4265
2312403;"São Gonçalo do Amarante";CE;-3.6116;-38.9682
3543105;"Ribeirão Corrente";SP;-20.4584;-47.5893
4210050;"Macieira";SC;-26.8562;-51.3758
1707553;"Fátima";TO;-10.7645;-48.9038
5006002;"Nova Alvorada do Sul";MS;-21.4666;-54.3828
3166956;"Serranópolis de Minas";MG;-15.8107;-42.8715
3501707;"Américo Brasiliense";SP;-21.7289;-48.1030
4210035;"Luzerna";SC;-27.1330;-51.4682
5218789;"Rio Quente";GO;-17.8094;-48.7625
3518305;"Guararema";SP;-23.4143;-46.0356
4323804;"Xangri-lá";RS;-29.8013;-50.0446
1507300;"São Félix do Xingu";PA;-6.6424;-51.9943
2708600;"São Miguel dos Campos";AL;-9.7802;-36.1052
5103403;"Cuiabá";MT;-15.5676;-56.0750
4120101;"Porto Amazonas";PR;-25.5465;-49.8905
4307450;"Esperança do Sul";RS;-27.3650;-53.9875
3306008;"Três Rios";RJ;-22.1168;-43.2090
4218202;"Timbó";SC;-26.8219;-49.2779
2913507;"Iguaí";BA;-14.7552;-40.0903
3102050;"Alto Caparaó";MG;-20.4408;-41.8682
3117876;"Confins";MG;-19.6261;-43.9924
5300108;"Brasília";DF;-15.7843;-47.9081
2108009;"Pastos Bons";MA;-6.5942;-44.0803
2929305;"São Gonçalo dos Campos";BA;-12.4340;-38.9494
2500502;"Alagoinha";PB;-6.9515;-35.5468
2700409;"Atalaia";AL;-9.5022;-36.0225
2304202;"Crato";CE;-7.2309;-39.4130
3510104;"Cândido Rodrigues";SP;-21.3257;-48.6310
2312502;"São João do Jaguaribe";CE;-5.2694;-38.2721
3534757;"Ouroeste";SP;-20.0011;-50.3729
1302900;"Maués";AM;-3.3959;-57.7187
5210208;"Iporá";GO;-16.4432;-51.1205
5103379;"Cotriguaçu";MT;-9.9053;-58.5698
3518404;"Guaratinguetá";SP;-22.8171;-45.1924
4111902;"Jaguapitã";PR;-23.1081;-51.5325
3150570;"Pintópolis";MG;-16.0569;-45.1455
3551108;"Sarapuí";SP;-23.6429;-47.8279
2205409;"Joaquim Pires";PI;-3.5089;-42.1942
4315602;"Rio Grande";RS;-32.0308;-52.0978
3142254;"Miravânia";MG;-14.7478;-44.4104
4210001;"Luiz Alves";SC;-26.7214;-48.9338
4218301;"Três Barras";SC;-26.1078;-50.3187
2921104;"Medeiros Neto";BA;-17.3737;-40.2204
2905305;"Cafarnaum";BA;-11.6946;-41.4683
4128104;"Umuarama";PR;-23.7595;-53.3118
2913606;"Ilhéus";BA;-14.7978;-39.0340
2304301;"Farias Brito";CE;-6.9272;-39.5731
2410405;"Pureza";RN;-5.4672;-35.5559
3510203;"Capão Bonito";SP;-24.0037;-48.3478
3117836;"Cônego Marinho";MG;-15.2964;-44.4141
4103701;"Cambé";PR;-23.2787;-51.2832
5210307;"Israelândia";GO;-16.3191;-50.9074
3150539;"Pingo-d'Água";MG;-19.7277;-42.4098
4307401;"Esmeralda";RS;-28.0535;-51.1902
3542909;"Ribeirão Bonito";SP;-22.0694;-48.1753
2205508;"José de Freitas";PI;-4.7577;-42.5765
4315701;"Rio Pardo";RS;-29.9856;-52.3789
2516201;"Sousa";PB;-6.7586;-38.2290
1400050;"Alto Alegre";RR;2.9921;-61.3110
4201802;"Atalanta";SC;-27.4205;-49.7817
3110301;"Caldas";MG;-21.9240;-46.3874
3117702;"Conceição do Rio Verde";MG;-21.8804;-45.0879
4210100;"Mafra";SC;-26.1230;-49.8064
2304285;"Eusébio";CE;-3.8932;-38.4635
5006309;"Paranaíba";MS;-19.6773;-51.1986
2905404;"Cairu";BA;-13.4875;-39.0444
3167004;"Serranos";MG;-21.8911;-44.5082
4119905;"Ponta Grossa";PR;-25.0964;-50.1722
2304277;"Ereré";CE;-6.0324;-38.3496
2402204;"Canguaretama";RN;-6.3805;-35.1296
5103205;"Colíder";MT;-10.8053;-55.4564
1400027;"Amajari";RR;3.6551;-61.4147
2304269;"Deputado Irapuan Pinheiro";CE;-5.9155;-39.2675
2921450;"Mirante";BA;-14.2420;-40.7659
4307500;"Espumoso";RS;-28.7263;-52.8446
2508000;"Juru";PB;-7.5382;-37.8185
4218251;"Timbó Grande";SC;-26.6186;-50.6738
3102100;"Alto Rio Doce";MG;-21.0253;-43.4120
4201901;"Aurora";SC;-27.3160;-49.6377
2312304;"São Benedito";CE;-4.0458;-40.8653
3305802;"Teresópolis";RJ;-22.4181;-42.9737
2108058;"Paulino Neves";MA;-2.7197;-42.5336
4111704;"Jaboti";PR;-23.7447;-50.0745
3158805;"Santana do Jacaré";MG;-20.8996;-45.1308
4217600;"Siderópolis";SC;-28.5985;-49.4251
4323705;"Vista Gaúcha";RS;-27.2903;-53.7024
1507201;"São Domingos do Capim";PA;-1.6747;-47.7752
4120002;"Porecatu";PR;-22.7580;-51.3799
3510153;"Canitar";SP;-23.0079;-49.7842
2807006;"São Miguel do Aleixo";SE;-10.3892;-37.3823
3142304;"Moeda";MG;-20.3308;-44.0533
3125952;"Fervedouro";MG;-20.7309;-42.2804
2913408;"Igaporã";BA;-13.7721;-42.7157
2205458;"Joca Marques";PI;-3.4976;-42.4319
2304103;"Crateús";CE;-5.1758;-40.6683
4209409;"Laguna";SC;-28.4836;-48.7814
3525854;"Jumirim";SP;-23.0862;-47.7844
3305901;"Trajano de Moraes";RJ;-22.0648;-42.0595
3502101;"Andradina";SP;-20.8970;-51.3807
3509502;"Campinas";SP;-22.9011;-47.0573
4103503;"Califórnia";PR;-23.6672;-51.3581
3150604;"Piracema";MG;-20.5091;-44.4800
3109600;"Cachoeira da Prata";MG;-19.5245;-44.4514
4111803;"Jacarezinho";PR;-23.1597;-49.9735
4315503;"Restinga Sêca";RS;-29.8151;-53.3705
2108405;"Peri Mirim";MA;-2.5780;-44.8538
2929701;"Sátiro Dias";BA;-11.6039;-38.5813
3134103;"Itueta";MG;-19.3962;-41.2269
1400100;"Boa Vista";RR;2.8212;-60.6730
2807105;"Simão Dias";SE;-10.7391;-37.8090
2700805;"Belém";AL;-9.5705;-36.4932
1707405;"Esperantina";TO;-5.3653;-48.5390
3166808;"Serra do Salitre";MG;-19.1128;-46.6868
2205300;"Jerumenha";PI;-7.0878;-43.5088
3101409;"Albertina";MG;-22.2004;-46.6160
4201208;"Antônio Carlos";SC;-27.5176;-48.7678
5210604;"Itaguaru";GO;-15.7649;-49.6313
2905206;"Caetité";BA;-14.0540;-42.4719
2409704;"Pedro Avelino";RN;-5.5193;-36.3876
5006358;"Paranhos";MS;-23.8896;-55.4299
1507151;"São Domingos do Araguaia";PA;-5.5409;-48.7304
4119954;"Pontal do Paraná";PR;-25.6973;-48.4784
2100204;"Alcântara";MA;-2.4089;-44.4176
4217550;"Serra Alta";SC;-26.7298;-53.0416
4103602;"Cambará";PR;-23.0419;-50.0735
2921500;"Monte Santo";BA;-10.4404;-39.3317
4307302;"Erval Seco";RS;-27.5488;-53.5088
2708956;"Senador Rui Palmeira";AL;-9.4649;-37.4542
3125903;"Ferros";MG;-19.2320;-43.0218
5103254;"Colniza";MT;-9.4606;-59.2248
2516102;"Soledade";PB;-7.0599;-36.3636
3158607;"Santana do Deserto";MG;-21.9516;-43.1666
2205276;"Jatobá do Piauí";PI;-4.7705;-41.8191
4119301;"Pinhão";PR;-25.6953;-51.6588
3509452;"Campina do Monte Alegre";SP;-23.5916;-48.4770
3166907;"Serrania";MG;-21.5484;-46.0432
3534104;"Oriente";SP;-22.1538;-50.0913
3101508;"Além Paraíba";MG;-21.8735;-42.6772
4323770;"Westfália";RS;-29.4321;-51.7705
2401503;"Barcelona";RN;-5.9506;-35.9281
3305208;"São Pedro da Aldeia";RJ;-22.8412;-42.1013
5006200;"Nova Andradina";MS;-22.2424;-53.3434
2615201;"Terra Nova";PE;-8.2302;-39.3758
2507903;"Juripiranga";PB;-7.3751;-35.2384
4323754;"Vitória das Missões";RS;-28.3462;-54.5022
3501905;"Amparo";SP;-22.7099;-46.7745
4111100;"Itambé";PR;-23.6594;-51.9901
3525904;"Jundiaí";SP;-23.1891;-46.8843
5103601;"Dom Aquino";MT;-15.8094;-54.9203
2913457;"Igrapiúna";BA;-13.8188;-39.1421
3158706;"Santana do Garambéu";MG;-21.6023;-44.1055
4209458;"Lajeado Grande";SC;-26.8590;-52.5671
2607000;"Inajá";PE;-8.9011;-37.8245
3142601;"Monsenhor Paulo";MG;-21.7581;-45.5414
2929503;"São Sebastião do Passé";BA;-12.5148;-38.4940
5202502;"Aruanã";GO;-14.9204;-51.0832
2806909;"São Francisco";SE;-10.3497;-36.8850
2401602;"Bento Fernandes";RN;-5.6929;-35.8198
4201273;"Arabutã";SC;-27.1591;-52.1433
1715002;"Nova Rosalândia";TO;-10.5683;-48.9116
2312700;"Senador Pompeu";CE;-5.5874;-39.3715
4315552;"Rio dos Índios";RS;-27.3025;-52.8408
2205359;"João Costa";PI;-8.4898;-42.4185
2108454;"Peritoró";MA;-4.3781;-44.3394
4119251;"Pinhal de São Bento";PR;-26.0345;-53.4854
5218706;"Rianápolis";GO;-15.4488;-49.5119
4102901;"Bituruna";PR;-26.1594;-51.5547
3517703;"Guará";SP;-20.4285;-47.8248
3550407;"São Pedro";SP;-22.5515;-47.9138
3502002;"Analândia";SP;-22.1257;-47.6639
3150505;"Pimenta";MG;-20.4803;-45.8015
4201257;"Apiúna";SC;-27.0329;-49.3860
3109501;"Cabo Verde";MG;-21.4732;-46.3973
5218052;"Porteirão";GO;-17.8153;-50.1631
5006275;"Paraíso das Águas";MS;-19.0218;-53.0109
2304509;"Frecheirinha";CE;-3.7610;-40.8142
3142700;"Montalvânia";MG;-14.4221;-44.3676
1506559;"Santa Luzia do Pará";PA;-1.5247;-46.8980
2921302;"Milagres";BA;-12.8589;-39.8532
2929602;"Sapeaçu";BA;-12.7299;-39.1851
3533908;"Olímpia";SP;-20.7376;-48.9143
2516151;"Sossêgo";PB;-6.7672;-36.2475
2709004;"Tanque d'Arca";AL;-9.5334;-36.4371
5006259;"Novo Horizonte do Sul";MS;-22.6561;-53.8600
3134509;"Itutinga";MG;-21.2981;-44.6577
2409605;"Pedra Preta";RN;-5.5813;-36.1047
3101300;"Alagoa";MG;-22.1702;-44.6399
3550506;"São Pedro do Turvo";SP;-22.7496;-49.7382
2921401;"Mirangaba";BA;-10.9562;-40.5748
2905602;"Camacan";BA;-15.4218;-39.4946
3167202;"Sete Lagoas";MG;-19.4651;-44.2450
3525706;"José Bonifácio";SP;-21.0531;-49.6886
3126307;"Fortaleza de Minas";MG;-20.8497;-46.7129
3534005;"Onda Verde";SP;-20.6101;-49.2962
4127502;"Tibagi";PR;-24.5153;-50.4092
2614501;"Surubim";PE;-7.8366;-35.7595
3109451;"Cabeceira Grande";MG;-16.0281;-47.0912
2401404;"Baía Formosa";RN;-6.3692;-35.0072
5218003;"Porangatu";GO;-13.4411;-49.1472
2304459;"Fortim";CE;-4.4509;-37.7980
2108256;"Pedro do Rosário";MA;-2.9678;-45.3464
3542305;"Redenção da Serra";SP;-23.2825;-45.5335
3501301;"Álvares Machado";SP;-22.0769;-51.4715
3159001;"Santana do Riacho";MG;-19.1701;-43.7163
2606309;"Granito";PE;-7.7165;-39.6158
3167301;"Silveirânia";MG;-21.1590;-43.2157
3525805;"Júlio Mesquita";SP;-22.0116;-49.7893
2928901;"São Desidério";BA;-12.3648;-44.9769
3118106;"Congonhas do Norte";MG;-18.8078;-43.6807
2100055;"Açailândia";MA;-4.9403;-47.4653
3142502;"Monjolos";MG;-18.3241;-44.1191
5218102;"Portelândia";GO;-17.3542;-52.6793
2708808;"São Sebastião";AL;-9.9344;-36.5543
4119152;"Pinhais";PR;-25.4326;-49.1879
3150802;"Piranga";MG;-20.6852;-43.3004
1506609;"Santa Maria do Pará";PA;-1.3497;-47.5757
1400308;"Mucajaí";RR;2.4437;-60.9182
3159100;"Santana dos Montes";MG;-20.7880;-43.6914
3517604;"Guapiara";SP;-24.1843;-48.5344
2920700;"Maraú";BA;-14.1016;-39.0169
5210562;"Itaguari";GO;-15.9199;-49.6037
3550308;"São Paulo";SP;-23.5548;-46.5790
4323101;"Vicente Dutra";RS;-27.1659;-53.4048
3134301;"Itumirim";MG;-21.3156;-44.8707
1714880;"Nova Olinda";TO;-7.6337;-48.4220
4217501;"Seara";SC;-27.1501;-52.3108
4127304;"Terra Rica";PR;-22.7263;-52.6229
1506583;"Santa Maria das Barreiras";PA;-8.8711;-49.7163
2708907;"Satuba";AL;-9.5726;-35.8256
2100154;"Água Doce do Maranhão";MA;-2.8379;-42.1163
1302207;"Juruá";AM;-3.4731;-66.0645
4110953;"Itaipulândia";PR;-25.1412;-54.2975
3150901;"Piranguçu";MG;-22.5279;-45.4961
3509403;"Cajuru";SP;-21.2776;-47.3042
3126109;"Formiga";MG;-20.4650;-45.4296
5103452;"Denise";MT;-14.7275;-57.0538
1400282;"Iracema";RR;2.1646;-61.0550
4306734;"Doutor Maurício Cardoso";RS;-27.5089;-54.3635
3542107;"Rafard";SP;-23.0141;-47.5310
4314902;"Porto Alegre";RS;-30.0282;-51.2286
5202353;"Arenópolis";GO;-16.3872;-51.5603
2401453;"Baraúna";RN;-5.0776;-37.6176
3134400;"Iturama";MG;-19.7277;-50.1936
4209300;"Lages";SC;-27.8169;-50.3258
3305158;"São José do Vale do Rio Preto";RJ;-22.1514;-42.9176
3167103;"Serro";MG;-18.6049;-43.3825
3534302;"Orlândia";SP;-20.7196;-47.8848
2108306;"Penalva";MA;-3.2940;-45.1734
2913804;"Ipecaetá";BA;-12.3161;-39.3075
5103437;"Curvelândia";MT;-15.6122;-57.9177
4102752;"Bela Vista da Caroba";PR;-25.8804;-53.6675
4127403;"Terra Roxa";PR;-24.1650;-54.0974
2700706;"Batalha";AL;-9.6764;-37.1241
3126208;"Formoso";MG;-14.9477;-46.2321
4314753;"Poço das Antas";RS;-29.4503;-51.6695
2614402;"Solidão";PE;-7.6005;-37.6506
4201109;"Anitápolis";SC;-27.9027;-49.1283
4306700;"Dona Francisca";RS;-29.6220;-53.3560
3117900;"Congonhal";MG;-22.1530;-46.0399
2928950;"São Domingos";BA;-11.4649;-39.5278
3305133;"São José de Ubá";RJ;-21.3584;-41.9429
2205706;"Luís Correia";PI;-2.8815;-41.6659
3542206;"Rancharia";SP;-22.2284;-50.8941
3526100;"Juquiá";SP;-24.3259;-47.6321
3158904;"Santana do Manhuaçu";MG;-20.1087;-41.9243
2205573;"Lagoa de São Francisco";PI;-4.3905;-41.6010
5005608;"Miranda";MS;-20.2396;-56.3862
2100105;"Afonso Cunha";MA;-4.1341;-43.3240
3534401;"Osasco";SP;-23.5388;-46.7821
2304350;"Forquilha";CE;-3.7985;-40.2621
2205565;"Lagoa do Barro do Piauí";PI;-8.4815;-41.5307
4306551;"Dom Pedro de Alcântara";RS;-29.3690;-49.8482
4322905;"Viadutos";RS;-27.5674;-52.0201
2516508;"Taperoá";PB;-7.2112;-36.8242
1506401;"Santa Cruz do Arari";PA;-0.6644;-49.1715
3118007;"Congonhas";MG;-20.5077;-43.8608
2606200;"Goiana";PE;-7.5582;-34.9986
4119202;"Pinhalão";PR;-23.7913;-50.0587
2205557;"Lagoa Alegre";PI;-4.5158;-42.6238
2708204;"São Brás";AL;-10.1268;-36.8986
3305109;"São João de Meriti";RJ;-22.7784;-43.3685
3526209;"Juquitiba";SP;-23.9324;-47.0686
4217808;"Taió";SC;-27.1174;-50.0001
3150703;"Pirajuba";MG;-19.9077;-48.7002
3517901;"Guaraci";SP;-20.4996;-48.9441
1707009;"Dianópolis";TO;-11.6260;-46.8204
2205540;"Lagoinha do Piauí";PI;-5.8298;-42.6325
4314704;"Planalto";RS;-27.3345;-53.0620
2508307;"Lagoa Seca";PB;-7.1568;-35.8536
2107605;"Palmeirândia";MA;-2.6454;-44.8955
4111001;"Itambaracá";PR;-23.0136;-50.4076
1506500;"Santa Izabel do Pará";PA;-1.2988;-48.1649
2205532;"Jurema";PI;-9.2213;-43.1288
5103502;"Diamantino";MT;-14.4051;-56.4331
1302504;"Manacapuru";AM;-3.3020;-60.6208
4323002;"Viamão";RS;-30.0822;-51.0258
3518008;"Guarani d'Oeste";SP;-20.0748;-50.3398
3501152;"Alumínio";SP;-23.5310;-47.2531
4209607;"Lauro Müller";SC;-28.3954;-49.3969
3125507;"São Gonçalo do Rio Preto";MG;-18.0049;-43.3818
2205524;"Júlio Borges";PI;-10.3290;-44.2376
4217907;"Tangará";SC;-27.1040;-51.2459
5209804;"Hidrolina";GO;-14.7251;-49.4656
5102850;"Castanheira";MT;-11.1394;-58.6129
2312601;"São Luís do Curu";CE;-3.6690;-39.2410
3550704;"São Sebastião";SP;-23.8049;-45.4015
2205516;"Juazeiro do Piauí";PI;-5.1713;-41.7058
1715150;"Novo Alegre";TO;-12.9152;-46.5742
4314803;"Portão";RS;-29.6925;-51.2353
1400175;"Cantá";RR;2.6102;-60.6010
4102802;"Bela Vista do Paraíso";PR;-22.9963;-51.1894
2107704;"Paraibano";MA;-6.4332;-43.9840
2807303;"Telha";SE;-10.2097;-36.8843
2500106;"Água Branca";PB;-7.5133;-37.6389
3534203;"Orindiúva";SP;-20.1815;-49.3521
4127700;"Toledo";PR;-24.7227;-53.7403
3509809;"Campos Novos Paulista";SP;-22.6029;-50.0002
2401859;"Caiçara do Norte";RN;-5.0616;-36.0487
3109907;"Caetanópolis";MG;-19.2954;-44.4135
1715259;"Novo Jardim";TO;-11.8229;-46.6286
4314787;"Ponte Preta";RS;-27.6592;-52.4900
2700102;"Água Branca";AL;-9.2616;-37.9366
1400159;"Bonfim";RR;3.3579;-59.8319
2913705;"Inhambupe";BA;-11.7855;-38.3532
3117306;"Conceição das Alagoas";MG;-19.9180;-48.3864
5209903;"Iaciara";GO;-14.0978;-46.6333
2304400;"Fortaleza";CE;-3.7254;-38.5236
3542503;"Reginópolis";SP;-21.8889;-49.2271
5005400;"Maracaju";MS;-21.6218;-55.1563
3158953;"Santana do Paraíso";MG;-19.3688;-42.5496
4209706;"Lebon Régis";SC;-26.9339;-50.6961
4314779;"Pontão";RS;-28.0588;-52.6788
4119509;"Piraquara";PR;-25.4512;-49.0693
4103156;"Bom Jesus do Sul";PR;-26.1934;-53.6022
2205607;"Landri Sales";PI;-7.2669;-43.9298
4127809;"Tomazina";PR;-23.7794;-49.9569
2516300;"Sumé";PB;-7.6721;-36.8791
4306601;"Dom Pedrito";RS;-30.9835;-54.6739
2205599;"Lagoa do Sítio";PI;-6.5161;-41.5685
3526001;"Junqueirópolis";SP;-21.5122;-51.4397
2905503;"Caldeirão Grande";BA;-11.0201;-40.3032
2410009;"Pilões";RN;-6.2694;-38.0413
3101706;"Almenara";MG;-16.1937;-40.7010
3133758;"Itaú de Minas";MG;-20.7402;-46.7523
4201505;"Armazém";SC;-28.2626;-49.0165
5218300;"Posse";GO;-14.0931;-46.3698
5102793;"Carlinda";MT;-9.9707;-55.8270
2508109;"Lagoa";PB;-6.5906;-37.9151
5201702;"Aragarças";GO;-15.9011;-52.2481
4111308;"Itaúna do Sul";PR;-22.7301;-52.8842
2516409;"Tacima";PB;-6.4883;-35.6398
1506807;"Santarém";PA;-2.4385;-54.7157
2311900;"Saboeiro";CE;-6.5414;-39.9080
4119608;"Pitanga";PR;-24.7574;-51.7592
4315131;"Pouso Novo";RS;-29.1705;-52.2085
4323309;"Vila Flores";RS;-28.8602;-51.5536
2205581;"Lagoa do Piauí";PI;-5.4146;-42.6430
4217709;"Sombrio";SC;-29.1145;-49.6332
1302553;"Manaquiri";AM;-3.4297;-60.4594
3517802;"Guaraçaí";SP;-21.0335;-51.2090
3501202;"Álvares Florence";SP;-20.3211;-49.9106
2303709;"Caucaia";CE;-3.7334;-38.6451
2401800;"Brejinho";RN;-6.1915;-35.3589
3141900;"Minduri";MG;-21.6815;-44.6001
3305505;"Saquarema";RJ;-22.9324;-42.4969
2508208;"Lagoa de Dentro";PB;-6.6742;-35.3773
1400233;"Caroebe";RR;0.8763;-59.6981
2107506;"Paço do Lumiar";MA;-2.5512;-44.1653
4111407;"Ivaí";PR;-25.0103;-50.8580
2928802;"Santo Estêvão";BA;-12.4295;-39.2515
4315107;"Porto Xavier";RS;-27.9070;-55.1395
4306932;"Entre-Ijuís";RS;-28.3596;-54.2719
2913002;"Ibitiara";BA;-12.6525;-42.2184
3109709;"Cachoeira de Minas";MG;-22.3554;-45.7792
4209508;"Laurentino";SC;-27.2181;-49.7333
3509601;"Campo Limpo Paulista";SP;-23.2050;-46.7839
3133709;"Itatiaiuçu";MG;-20.1979;-44.4225
4306924;"Engenho Velho";RS;-27.7103;-52.9132
2401651;"Bodó";RN;-5.9866;-36.4134
5209705;"Hidrolândia";GO;-16.9665;-49.2325
4103222;"Bom Sucesso do Sul";PR;-26.0738;-52.8343
2303808;"Cedro";CE;-6.6079;-39.0592
1400209;"Caracaraí";RR;1.8275;-61.1253
2904803;"Caatiba";BA;-14.9796;-40.4092
2920601;"Maragogipe";BA;-12.7786;-38.9190
2807204;"Siriri";SE;-10.6044;-37.1145
4306908;"Encruzilhada do Sul";RS;-30.5415;-52.5212
4127601;"Tijucas do Sul";PR;-25.9276;-49.1799
4103206;"Bom Sucesso";PR;-23.7095;-51.7623
2515708;"Serra Grande";PB;-7.2147;-38.3684
4201307;"Araquari";SC;-26.3703;-48.7227
3101631;"Alfredo Vasconcelos";MG;-21.1457;-43.7763
3109808;"Cachoeira Dourada";MG;-18.5171;-49.5002
2409803;"Pedro Velho";RN;-6.4397;-35.2199
4315206;"Putinga";RS;-29.0002;-52.1559
5201504;"Aporé";GO;-18.9626;-51.9252
3509700;"Campos do Jordão";SP;-22.7418;-45.5949
3542404;"Regente Feijó";SP;-22.2241;-51.3122
2311959;"Salitre";CE;-7.2827;-40.4555
2204907;"Isaías Coelho";PI;-7.7358;-41.6771
5005806;"Nioaque";MS;-21.1589;-55.8314
4119400;"Piraí do Sul";PR;-24.5315;-49.9366
2507507;"João Pessoa";PB;-7.1688;-34.8638
3166501;"Serra Azul de Minas";MG;-18.3619;-43.1702
2904902;"Cachoeira";BA;-12.6037;-38.9632
3101607;"Alfenas";MG;-21.4251;-45.9497
4323358;"Vila Lângaro";RS;-28.1089;-52.1429
4307005;"Erechim";RS;-27.6353;-52.2743
3305307;"São Sebastião do Alto";RJ;-21.9566;-42.1346
5102702;"Canarana";MT;-13.5559;-52.2714
5201603;"Araçu";GO;-16.3577;-49.6810
4103040;"Boa Ventura de São Roque";PR;-24.8838;-51.5452
4217758;"Sul Brasil";SC;-26.7406;-52.9689
4201406;"Araranguá";SC;-28.9352;-49.4854
4315172;"Protásio Alves";RS;-28.7598;-51.4731
2409902;"Pendências";RN;-5.2564;-36.7194
5102694;"Canabrava do Norte";MT;-11.0547;-51.8366
4111209;"Itapejara d'Oeste";PR;-25.9601;-52.8149
2929107;"São Felipe";BA;-12.8472;-39.0882
2311801;"Russas";CE;-4.9386;-37.9727
5102686;"Campos de Júlio";MT;-13.7119;-59.2619
2614808;"Tacaratu";PE;-9.1070;-38.1520
3158300;"Santana da Vargem";MG;-21.2492;-45.5068
4103024;"Boa Esperança do Iguaçu";PR;-25.6350;-53.2191
4315156;"Progresso";RS;-29.2423;-52.3113
2806503;"Santa Rosa de Lima";SE;-10.6477;-37.1928
4323200;"Victor Graeff";RS;-28.5591;-52.7462
5102678;"Campo Verde";MT;-15.5433;-55.1640
3501608;"Americana";SP;-22.7445;-47.3321
4315149;"Presidente Lucena";RS;-29.5237;-51.1840
4306973;"Erebango";RS;-27.8521;-52.3028
3141801;"Minas Novas";MG;-17.2173;-42.5950
2401701;"Bom Jesus";RN;-5.9823;-35.5817
3305406;"Sapucaia";RJ;-21.9944;-42.9133
1715101;"Novo Acordo";TO;-9.9638;-47.6756
4103008;"Boa Esperança";PR;-24.2410;-52.7881
3150109;"Piau";MG;-21.5091;-43.3201
3109105;"Bueno Brandão";MG;-22.4418;-46.3512
2303600;"Catarina";CE;-6.1350;-39.8762
2920908;"Mascote";BA;-15.5670;-39.3039
4315008;"Porto Lucena";RS;-27.8534;-55.0190
2904852;"Cabaceiras do Paraguaçu";BA;-12.5358;-39.1908
2708105;"Santana do Mundaú";AL;-9.1708;-36.2217
4306957;"Entre Rios do Sul";RS;-27.5299;-52.7320
2929206;"São Francisco do Conde";BA;-12.6313;-38.6777
2606606;"Ibimirim";PE;-8.5387;-37.6887
2107902;"Passagem Franca";MA;-6.1810;-43.7834
3133600;"Itapeva";MG;-22.7665;-46.2225
5210109;"Ipameri";GO;-17.7225;-48.1604
3166303;"Sericita";MG;-20.4735;-42.4817
2409209;"Passagem";RN;-6.2789;-35.3770
2904704;"Buerarema";BA;-14.9582;-39.3013
4103107;"Bocaiúva do Sul";PR;-25.2097;-49.1125
3100906;"Águas Formosas";MG;-17.0835;-40.9339
3149952;"Periquito";MG;-19.1567;-42.2398
4200705;"Alfredo Wagner";SC;-27.7011;-49.3344
4306809;"Encantado";RS;-29.2369;-51.8723
2921005;"Mata de São João";BA;-12.5310;-38.2976
3125408;"Felício dos Santos";MG;-18.0769;-43.2470
3550605;"São Roque";SP;-23.5420;-47.1292
2401008;"Apodi";RN;-5.6666;-37.7999
3533601;"Nuporanga";SP;-20.7327;-47.7514
4111258;"Itaperuçu";PR;-25.2250;-49.3540
3158102;"Santa Maria do Salto";MG;-16.2487;-40.1487
3304706;"Santo Antônio de Pádua";RJ;-21.5389;-42.1811
4217154;"São Miguel da Boa Vista";SC;-26.6912;-53.2522
3549953;"São Lourenço da Serra";SP;-23.8536;-46.9441
3166402;"Seritinga";MG;-21.9083;-44.5199
2614600;"Tabira";PE;-7.5902;-37.5409
3117207;"Conceição das Pedras";MG;-22.1601;-45.4553
2303659;"Catunda";CE;-4.6510;-40.2015
4306767;"Eldorado do Sul";RS;-30.0010;-51.3122
4315073;"Porto Vera Cruz";RS;-27.7352;-54.9018
3525409;"Jeriquara";SP;-20.3118;-47.5892
3501400;"Álvaro de Carvalho";SP;-22.0785;-49.7205
5103106;"Cocalinho";MT;-14.3942;-51.0004
3149903;"Perdões";MG;-21.0919;-45.0900
5005681;"Mundo Novo";MS;-23.9374;-54.2785
4208955;"Jardinópolis";SC;-26.7214;-52.8604
4306759;"Doutor Ricardo";RS;-29.0933;-51.9886
3142106;"Miradouro";MG;-20.8902;-42.3429
2929008;"São Félix";BA;-12.6066;-38.9695
2606408;"Gravatá";PE;-8.2046;-35.5704
4103057;"Boa Vista da Aparecida";PR;-25.4367;-53.4092
2614709;"Tacaimbó";PE;-8.3167;-36.2918
3158201;"Santa Maria do Suaçuí";MG;-18.1894;-42.4186
4315057;"Porto Mauá";RS;-27.5735;-54.6721
2806404;"Santana do São Francisco";SE;-10.2980;-36.6179
4102406;"Bandeirantes";PR;-23.1069;-50.3720
3501509;"Alvinlândia";SP;-22.4455;-49.7634
3517208;"Guaiçara";SP;-21.6234;-49.7981
1301704;"Humaitá";AM;-7.5068;-63.0217
3133907;"Itaverava";MG;-20.6761;-43.6089
2920809;"Marcionílio Souza";BA;-13.0018;-40.5332
5210158;"Ipiranga de Goiás";GO;-15.1711;-49.6705
1506708;"Santana do Araguaia";PA;-9.3395;-50.3370
3142205;"Miraí";MG;-21.1955;-42.6128
2606507;"Iati";PE;-9.0421;-36.8488
2904753;"Buritirama";BA;-10.7143;-43.6336
3549904;"São José dos Campos";SP;-23.1849;-45.8786
4217105;"São Martinho";SC;-28.1650;-48.9792
3150000;"Pescador";MG;-18.3556;-41.5978
4200754;"Alto Bela Vista";SC;-27.4318;-51.9069
2304004;"Coreaú";CE;-3.5514;-40.6550
3509007;"Caieiras";SP;-23.3658;-46.7496
3533403;"Nova Odessa";SP;-22.7803;-47.2984
5103056;"Cláudia";MT;-11.5077;-54.8837
1301803;"Ipixuna";AM;-7.0522;-71.6930
4322558;"Vanini";RS;-28.4753;-51.8464
2708501;"São Luís do Quitunde";AL;-9.3159;-35.5617
3125705;"Felixlândia";MG;-18.7578;-44.8990
3134004;"Itinga";MG;-16.6105;-41.7709
2912905;"Ibirataia";BA;-14.0620;-39.6408
3541703;"Quatá";SP;-22.2507;-50.6958
3304755;"São Francisco de Itabapoana";RJ;-21.4735;-41.1163
4208906;"Jaraguá do Sul";SC;-26.4836;-49.0825
3166709;"Serra dos Aimorés";MG;-17.7932;-40.2471
4322541;"Vale Real";RS;-29.3960;-51.2462
3550001;"São Luiz do Paraitinga";SP;-23.2220;-45.3113
4127007;"Teixeira Soares";PR;-25.3743;-50.4613
4110656;"Iracema do Oeste";PR;-24.4295;-53.3570
4322533;"Vale do Sol";RS;-29.6042;-52.6867
2614006;"Serrita";PE;-7.9465;-39.2935
3525201;"Jarinu";SP;-23.1019;-46.7285
2700300;"Arapiraca";AL;-9.7339;-36.6568
4322525;"Vale Verde";RS;-29.7841;-52.1840
3533502;"Novo Horizonte";SP;-21.4695;-49.2220
3125804;"Fernandes Tourinho";MG;-19.1528;-42.0828
2400901;"Antônio Martins";RN;-6.2161;-37.8898
1706258;"Crixás do Tocantins";TO;-11.1049;-48.9190
2303956;"Chorozinho";CE;-4.2939;-38.4978
3158508;"Santana de Pirapama";MG;-19.0069;-44.0412
2929057;"São Félix do Coribe";BA;-13.4027;-44.1965
1714302;"Nazaré";TO;-6.3745;-47.6623
2515609;"Serra da Raiz";PB;-6.6875;-35.4429
3541802;"Queiroz";SP;-21.8000;-50.2406
4118808;"Peabiru";PR;-23.9134;-52.3457
4322509;"Vacaria";RS;-28.5023;-50.9379
1506005;"Prainha";PA;-1.8073;-53.4806
3142007;"Mirabela";MG;-16.2566;-44.1594
2605806;"Frei Miguelinho";PE;-7.9411;-35.9210
5005707;"Naviraí";MS;-23.0629;-54.2018
3517000;"Getulina";SP;-21.7992;-49.9310
4216909;"São Lourenço do Oeste";SC;-26.3557;-52.8484
4200556;"Águas Frias";SC;-26.8819;-52.8595
2204808;"Ipiranga do Piauí";PI;-6.8230;-41.7381
3525300;"Jaú";SP;-22.2971;-48.5589
5209952;"Indiara";GO;-17.1411;-49.9879
3117603;"Conceição do Pará";MG;-19.7535;-44.8973
2515971;"Sobrado";PB;-7.1469;-35.2381
3150307;"Piedade do Rio Grande";MG;-21.4686;-44.1929
1706100;"Cristalândia";TO;-10.6021;-49.1919
2507408;"Jericó";PB;-6.5540;-37.8087
1506112;"Quatipuru";PA;-0.8987;-47.0050
4110607;"Iporã";PR;-24.0081;-53.7180
2708303;"São José da Laje";AL;-9.0071;-36.0565
3517109;"Glicério";SP;-21.3836;-50.2092
5209937;"Inaciolândia";GO;-18.4877;-49.9919
4322608;"Venâncio Aires";RS;-29.6057;-52.1920
1506104;"Primavera";PA;-0.9403;-47.1172
3133808;"Itaúna";MG;-20.0735;-44.5770
4306130;"Cruzaltense";RS;-27.6684;-52.6488
4314423;"Picada Café";RS;-29.4505;-51.1328
3304557;"Rio de Janeiro";RJ;-22.9111;-43.2057
3500758;"Alambari";SP;-23.5516;-47.8994
3549805;"São José do Rio Preto";SP;-20.8140;-49.3784
4217006;"São Ludgero";SC;-28.3264;-49.1766
2905156;"Caetanos";BA;-14.3391;-40.9080
2312205;"Santa Quitéria";CE;-4.3360;-40.1547
2205151;"Jacobina do Piauí";PI;-7.9358;-41.2111
3150406;"Piedade dos Gerais";MG;-20.4701;-44.2242
4314407;"Pelotas";RS;-31.7196;-52.3424
4126801;"Tapejara";PR;-23.7364;-52.8676
4208807;"Jaguaruna";SC;-28.6160;-49.0246
3508900;"Caiabu";SP;-22.0137;-51.2355
2708402;"São José da Tapera";AL;-9.5577;-37.3808
2515930;"Sertãozinho";PB;-6.7531;-35.4399
3125606;"Felisburgo";MG;-16.6397;-40.7615
3533809;"Óleo";SP;-22.9425;-49.3419
3109006;"Brumadinho";MG;-20.1489;-44.2166
3541604;"Promissão";SP;-21.5371;-49.8591
3304524;"Rio das Ostras";RJ;-22.4986;-41.9220
2107803;"Parnarama";MA;-5.6820;-43.0910
2913309;"Ichu";BA;-11.7494;-39.1861
5005004;"Jardim";MS;-21.4809;-56.1399
4118600;"Paula Freitas";PR;-26.2097;-50.9353
4126900;"Tapira";PR;-23.3238;-53.0739
3100807;"Aguanil";MG;-20.9429;-45.3933
2205250;"Jardim do Mulato";PI;-6.0952;-42.6363
4306205;"Cruzeiro do Sul";RS;-29.5134;-51.9845
2700201;"Anadia";AL;-9.6824;-36.3048
3525607;"João Ramalho";SP;-22.2513;-50.7677
3117405;"Conceição de Ipanema";MG;-19.9297;-41.6918
4200606;"Águas Mornas";SC;-27.6997;-48.8171
5210000;"Inhumas";GO;-16.3588;-49.4943
5217401;"Pires do Rio";GO;-17.3004;-48.2801
2409100;"Passa e Fica";RN;-6.4354;-35.6428
2905107;"Caém";BA;-11.0918;-40.4357
3509254;"Cajati";SP;-24.7252;-48.1146
4110409;"Indianópolis";PR;-23.4797;-52.6982
4209151;"José Boiteux";SC;-26.9598;-49.6277
1505908;"Porto de Moz";PA;-1.7541;-52.2397
4118709;"Paulo Frontin";PR;-26.0426;-50.8334
5005103;"Jateí";MS;-22.4804;-54.3068
1301654;"Guajará";AM;-7.5484;-72.5888
4322400;"Uruguaiana";RS;-29.7564;-57.0881
2516003;"Solânea";PB;-6.7626;-35.6559
3117504;"Conceição do Mato Dentro";MG;-19.0365;-43.4257
3304607;"Santa Maria Madalena";RJ;-21.9661;-42.0144
3500808;"Alfredo Marcondes";SP;-21.9541;-51.4147
2312007;"Santana do Acaraú";CE;-3.4604;-40.2133
3150208;"Piedade de Ponte Nova";MG;-20.2454;-42.7343
5201801;"Aragoiânia";GO;-16.9125;-49.4507
3517406;"Guaíra";SP;-20.3188;-48.3107
2707701;"Rio Largo";AL;-9.5075;-35.8182
4217303;"Saudades";SC;-26.9275;-53.0026
4110508;"Ipiranga";PR;-25.0254;-50.5839
4314209;"Pedro Osório";RS;-31.8616;-52.8219
5103007;"Chapada dos Guimarães";MT;-15.4601;-55.7490
2205201;"Jaicós";PI;-7.3563;-41.1387
2928406;"Santa Rita de Cássia";BA;-11.0038;-44.5203
4322376;"Unistalda";RS;-29.0462;-55.1500
2107100;"Morros";MA;-2.8658;-44.0420
2507804;"Junco do Seridó";PB;-6.9953;-36.7143
1302009;"Itapiranga";AM;-2.7495;-58.0220
3509205;"Cajamar";SP;-23.3647;-46.8725
2303931;"Choró";CE;-4.8458;-39.1331
3517505;"Guapiaçu";SP;-20.7953;-49.2202
3541653;"Quadra";SP;-23.3011;-48.0559
4102307;"Balsa Nova";PR;-25.5805;-49.6297
3550209;"São Miguel Arcanjo";SP;-23.8787;-47.9934
2312106;"Santana do Cariri";CE;-7.1858;-39.7368
4306007;"Crissiumal";RS;-27.4979;-54.1025
2913101;"Ibititá";BA;-11.5466;-41.9770
4209102;"Joinville";SC;-26.3012;-48.8410
4314308;"Pejuçara";RS;-28.4237;-53.6572
4217402;"Schroeder";SC;-26.4118;-49.0758
2920205;"Malhada";BA;-14.3360;-43.7735
5209291;"Guaraíta";GO;-15.6309;-50.0297
4127205;"Terra Boa";PR;-23.7662;-52.4465
2303907;"Chaval";CE;-3.0322;-41.2414
2806800;"São Domingos";SE;-10.7904;-37.5669
3509304;"Cajobi";SP;-20.8808;-48.8102
5004908;"Jaraguari";MS;-20.1020;-54.4368
5201108;"Anápolis";GO;-16.3280;-48.9573
3533700;"Ocauçu";SP;-22.4392;-49.9231
3150158;"Piedade de Caratinga";MG;-19.7601;-42.0770
4200903;"Angelina";SC;-27.5841;-48.9827
3116803;"Coluna";MG;-18.2330;-42.8407
5209408;"Guarani de Goiás";GO;-13.9380;-46.4805
3542008;"Quintana";SP;-22.0708;-50.3052
2913200;"Ibotirama";BA;-12.1860;-43.2217
2515807;"Serra Redonda";PB;-7.1863;-35.6805
3109402;"Buritizeiro";MG;-17.3525;-44.9571
4209201;"Lacerdópolis";SC;-27.2608;-51.5567
4306106;"Cruz Alta";RS;-28.6451;-53.6058
3525508;"Joanópolis";SP;-22.9310;-46.2721
4119004;"Pérola d'Oeste";PR;-25.8274;-53.7428
2905008;"Caculé";BA;-14.5075;-42.2203
5201207;"Anhanguera";GO;-18.3372;-48.2191
2205003;"Itainópolis";PI;-7.4492;-41.4790
3109253;"Bugre";MG;-19.4262;-42.2561
2928208;"Santana";BA;-12.9842;-44.0489
3304904;"São Gonçalo";RJ;-22.8251;-43.0491
2409506;"Pedra Grande";RN;-5.1507;-35.8784
3166600;"Serra da Saudade";MG;-19.4399;-45.7931
3101201;"Aiuruoca";MG;-21.9779;-44.6054
2613909;"Serra Talhada";PE;-7.9904;-38.3010
4201000;"Anita Garibaldi";SC;-27.6869;-51.1300
4209177;"Jupiá";SC;-26.3996;-52.7265
3517307;"Guaimbê";SP;-21.9109;-49.8980
2507606;"Juarez Távora";PB;-7.1747;-35.5892
4110805;"Iretama";PR;-24.4222;-52.1029
4119103;"Piên";PR;-26.0996;-49.4306
2515906;"Serraria";PB;-6.8201;-35.6416
3500709;"Agudos";SP;-22.4728;-48.9896
4306072;"Cristal do Sul";RS;-27.4542;-53.2480
4322806;"Veranópolis";RS;-28.9388;-51.5492
1506302;"Salvaterra";PA;-0.7554;-48.5149
3158409;"Santana de Cataguases";MG;-21.2869;-42.5568
4217204;"São Miguel do Oeste";SC;-26.7266;-53.5184
2920007;"Maiquinique";BA;-15.6184;-40.2648
3141405;"Medina";MG;-16.2252;-41.4780
2928307;"Santanópolis";BA;-12.0255;-38.8666
2401305;"Campo Grande";RN;-5.8639;-37.3112
2605707;"Floresta";PE;-8.6019;-38.5688
2912509;"Ibipitanga";BA;-12.8805;-42.4898
2205102;"Itaueira";PI;-7.6034;-43.0256
4306056;"Cristal";RS;-31.0010;-52.0465
3305000;"São João da Barra";RJ;-21.6335;-41.0488
2107001;"Montes Altos";MA;-5.8322;-47.0667
4102604;"Barracão";PR;-26.2522;-53.6347
2507705;"Juazeirinho";PB;-7.0686;-36.5757
4110904;"Itaguajé";PR;-22.6189;-51.9674
2806602;"Santo Amaro das Brotas";SE;-10.7894;-37.0550
2311405;"Quixeramobim";CE;-5.1982;-39.2978
3509106;"Caiuá";SP;-21.8308;-51.9873
4314605;"Piratini";RS;-31.4488;-53.1043
2409332;"Santa Maria";RN;-5.8410;-35.6942
4306429;"Dois Irmãos das Missões";RS;-27.6596;-53.5327
3109204;"Buenópolis";MG;-17.8736;-44.1772
4209003;"Joaçaba";SC;-27.1740;-51.5047
3133204;"Itanhomi";MG;-19.1716;-41.8649
5209200;"Guapó";GO;-16.8327;-49.5324
2904308;"Brejões";BA;-13.1027;-39.7926
1706506;"Darcinópolis";TO;-6.7088;-47.7539
3165909;"Senador Modestino Gonçalves";MG;-17.9470;-43.2250
2920106;"Mairi";BA;-11.7120;-40.1485
4127106;"Telêmaco Borba";PR;-24.3294;-50.6217
4102703;"Barra do Jacaré";PR;-23.1168;-50.1857
2303204;"Caririaçu";CE;-7.0467;-39.2852
4306403;"Dois Irmãos";RS;-29.5895;-51.0904
2806701;"São Cristóvão";SE;-11.0142;-37.2052
2409308;"Patu";RN;-6.1099;-37.6379
3101003;"Águas Vermelhas";MG;-15.7449;-41.4581
2515203;"São Sebastião do Umbuzeiro";PB;-8.1533;-37.0086
3109303;"Buritis";MG;-15.6238;-46.4229
4200804;"Anchieta";SC;-26.5351;-53.3319
3157708;"Santa Juliana";MG;-19.3106;-47.5263
4118907;"Pérola";PR;-23.8039;-53.6879
3125002;"Ewbank da Câmara";MG;-21.5502;-43.5091
3166006;"Senhora de Oliveira";MG;-20.7942;-43.3445
4306379;"Dilermando de Aguiar";RS;-29.7063;-54.2084
2204402;"Gilbués";PI;-9.8337;-45.3433
2401107;"Areia Branca";RN;-4.9563;-37.1359
3141207;"Matutina";MG;-19.2225;-45.9715
2920452;"Mansidão";BA;-10.7182;-44.0356
4322855;"Vespasiano Corrêa";RS;-29.0692;-51.8602
1506351;"Santa Bárbara do Pará";PA;-1.2285;-48.2918
2409407;"Pau dos Ferros";RN;-6.1127;-38.2035
3501004;"Altinópolis";SP;-21.0269;-47.3731
4306502;"Dom Feliciano";RS;-30.7022;-52.1090
3304805;"São Fidélis";RJ;-21.6468;-41.7459
2507002;"Itaporanga";PB;-7.3058;-38.1491
4217253;"São Pedro de Alcântara";SC;-27.5674;-48.8043
3101102;"Aimorés";MG;-19.4924;-41.0636
3157807;"Santa Luzia";MG;-19.7703;-43.8506
4110706;"Irati";PR;-25.4645;-50.6495
2928604;"Santo Amaro";BA;-12.5486;-38.7094
2614303;"Moreilândia";PE;-7.6254;-39.5513
1301951;"Itamarati";AM;-6.4399;-68.2460
2806008;"Ribeirópolis";SE;-10.5405;-37.4367
3133006;"Itamonte";MG;-22.2838;-44.8678
2401206;"Arez";RN;-6.1943;-35.1610
3141306;"Medeiros";MG;-19.9954;-46.2213
3501103;"Alto Alegre";SP;-21.5822;-50.1652
4118857;"Perobal";PR;-23.8945;-53.4080
4102505;"Barbosa Ferraz";PR;-24.0297;-52.0136
3149606;"Pequi";MG;-19.6294;-44.6632
3108602;"Brasília de Minas";MG;-16.2100;-44.4327
2920403;"Manoel Vitorino";BA;-14.1453;-40.2438
3124807;"Estrela do Sul";MG;-18.7422;-47.6900
2928703;"Santo Antônio de Jesus";BA;-12.9664;-39.2657
4306452;"Dois Lajeados";RS;-28.9845;-51.8357
3533007;"Nova Granada";SP;-20.5326;-49.3176
2707602;"Quebrangulo";AL;-9.3215;-36.4738
2606101;"Glória do Goitá";PE;-8.0031;-35.2935
3133105;"Itanhandu";MG;-22.2957;-44.9366
4314498;"Pinheirinho do Vale";RS;-27.2126;-53.6138
1722107;"Xambioá";TO;-6.4113;-48.5303
1506161;"Rio Maria";PA;-7.3144;-50.0466
5209606;"Heitoraí";GO;-15.7238;-49.8258
2408706;"Paraú";RN;-5.7780;-37.1005
3165800;"Senador José Bento";MG;-22.1645;-46.1777
3100401;"Acaiaca";MG;-20.3637;-43.1422
2303105;"Cariré";CE;-3.9488;-40.4733
4306304;"David Canabarro";RS;-28.3868;-51.8474
1301902;"Itacoatiara";AM;-3.1460;-58.4474
3524808;"Jales";SP;-20.2681;-50.5476
2920502;"Maracás";BA;-13.4406;-40.4328
4314472;"Pinhal Grande";RS;-29.3494;-53.3315
3124906;"Eugenópolis";MG;-21.0973;-42.1834
2311264;"Quiterianópolis";CE;-5.8451;-40.7037
3157609;"Santa Fé de Minas";MG;-16.6892;-45.4137
4314464;"Pinhal da Serra";RS;-27.8755;-51.1715
3550100;"São Manuel";SP;-22.7341;-48.5712
3533106;"Nova Guataporanga";SP;-21.3336;-51.6446
1506138;"Redenção";PA;-8.0362;-50.0357
3108552;"Brasilândia de Minas";MG;-17.0095;-46.0066
5201405;"Aparecida de Goiânia";GO;-16.8227;-49.2447
2400505;"Alexandria";RN;-6.4126;-38.0165
1722081;"Wanderlândia";TO;-6.8486;-47.9650
4314456;"Pinhal";RS;-27.5098;-53.2183
2107357;"Nova Olinda do Maranhão";MA;-2.8070;-45.7027
2614105;"Sertânia";PE;-8.0756;-37.2665
5217609;"Planaltina";GO;-15.4531;-47.6155
3500907;"Altair";SP;-20.5243;-49.0594
3116704;"Coimbra";MG;-20.8566;-42.8023
3524907;"Jambeiro";SP;-23.2550;-45.6904
3149408;"Pedro Teixeira";MG;-21.7046;-43.7429
3141603;"Mercês";MG;-21.1951;-43.3418
3541901;"Queluz";SP;-22.5392;-44.7734
2311355;"Quixelô";CE;-6.2531;-39.1998
2928505;"Santa Terezinha";BA;-12.7696;-39.5209
2605905;"Gameleira";PE;-8.5846;-35.3874
4314555;"Pirapó";RS;-28.0438;-55.1991
2107456;"Olinda Nova do Maranhão";MA;-2.9990;-44.9967
2614204;"Sirinhaém";PE;-8.5918;-35.1159
4208450;"Itapoá";SC;-26.0819;-48.6055
5217708;"Pontalina";GO;-17.5192;-49.4491
1301209;"Coari";AM;-4.0861;-63.1426
4314548;"Pinto Bandeira";RS;-29.0982;-51.4504
4110078;"Imbaú";PR;-24.4467;-50.7613
3149507;"Pequeri";MG;-21.8357;-43.1210
3516705;"Garça";SP;-22.2118;-49.6533
3549409;"São Joaquim da Barra";SP;-20.5879;-47.8662
5005152;"Juti";MS;-22.8608;-54.6069
3304151;"Quissamã";RJ;-22.1071;-41.4713
4322707;"Vera Cruz";RS;-29.7151;-52.5016
3133402;"Itapagipe";MG;-19.9023;-49.3709
2920304;"Malhada de Pedras";BA;-14.3875;-41.8791
1506203;"Salinópolis";PA;-0.6145;-47.3565
3141702;"Mesquita";MG;-19.2211;-42.6098
4216602;"São José";SC;-27.6159;-48.6278
4306353;"Dezesseis de Novembro";RS;-28.2257;-55.0468
3304144;"Queimados";RJ;-22.7130;-43.5604
1506195;"Rurópolis";PA;-4.0973;-54.9079
2606002;"Garanhuns";PE;-8.8907;-36.4930
1301308;"Codajás";AM;-3.8387;-62.0596
4110052;"Iguatu";PR;-24.7113;-53.0875
3508504;"Caçapava";SP;-23.0971;-45.7078
2708006;"Santana do Ipanema";AL;-9.3722;-37.2431
3532900;"Nova Europa";SP;-21.7786;-48.5606
1506187;"Rondon do Pará";PA;-4.7790;-48.0668
3541208;"Presidente Bernardes";SP;-22.0078;-51.5533
3157658;"Santa Helena de Minas";MG;-16.9380;-40.6862
3549508;"São José da Bela Vista";SP;-20.5946;-47.6396
3125200;"Fama";MG;-21.4071;-45.8317
5005251;"Laguna Carapã";MS;-22.5544;-55.1492
1713957;"Muricilândia";TO;-7.1496;-48.6053
2912400;"Ibipeba";BA;-11.6440;-42.0091
2204352;"Geminiano";PI;-7.1571;-41.3628
2107407;"Olho d'Água das Cunhãs";MA;-4.1408;-45.1171
5201454;"Aparecida do Rio Doce";GO;-18.2966;-51.1487
3133501;"Itapecerica";MG;-20.4709;-45.1247
4208401;"Itapiranga";SC;-27.1746;-53.7127
2311306;"Quixadá";CE;-4.9655;-39.0109
1505536;"Parauapebas";PA;-6.0713;-49.8885
3166204;"Senhora dos Remédios";MG;-21.0286;-43.5823
4314506;"Pinheiro Machado";RS;-31.5797;-53.3819
3524709;"Jaguariúna";SP;-22.7051;-46.9848
4101853;"Ariranha do Ivaí";PR;-24.3840;-51.5913
4126504;"Sertanópolis";PR;-23.0596;-51.0388
2613503;"São José do Belmonte";PE;-7.8624;-38.7591
4306320;"Derrubadas";RS;-27.2666;-53.8613
3117009;"Comercinho";MG;-16.2971;-41.7942
2904209;"Botuporã";BA;-13.3797;-42.5228
3125309;"Faria Lemos";MG;-20.8061;-42.0116
3541307;"Presidente Epitácio";SP;-21.7578;-52.1100
4200200;"Agrolândia";SC;-27.4114;-49.8297
2107258;"Nova Colinas";MA;-7.1200;-46.2626
3158003;"Santa Maria de Itabira";MG;-19.4492;-43.1143
3516507;"Gabriel Monteiro";SP;-21.5309;-50.5566
2515104;"São Sebastião de Lagoa de Roça";PB;-7.1033;-35.8663
4118303;"Paranapoema";PR;-22.6548;-52.0846
5102637;"Campo Novo do Parecis";MT;-13.6659;-57.8840
4322004;"Triunfo";RS;-29.9455;-51.7194
1505502;"Paragominas";PA;-3.0000;-47.3554
3117108;"Conceição da Aparecida";MG;-21.0937;-46.2038
5209457;"Guarinos";GO;-14.7322;-49.7023
2605301;"Exu";PE;-7.5112;-39.7221
3141504;"Mendes Pimentel";MG;-18.6582;-41.4024
4216404;"São João do Sul";SC;-29.2241;-49.8104
4200051;"Abdon Batista";SC;-27.6113;-51.0222
2204303;"Fronteiras";PI;-7.0874;-40.6167
1505494;"Palestina do Pará";PA;-5.7475;-48.3165
5005202;"Ladário";MS;-19.0063;-57.6113
3149804;"Perdizes";MG;-19.3520;-47.2943
3304201;"Resende";RJ;-22.4693;-44.4474
1505486;"Pacajá";PA;-3.8303;-50.6406
2506905;"Itabaiana";PB;-7.3300;-35.3360
3508306;"Cabrália Paulista";SP;-22.4588;-49.3368
2707800;"Roteiro";AL;-9.8335;-35.9784
5102603;"Campinápolis";MT;-14.5493;-52.7926
1301100;"Careiro";AM;-3.8239;-60.3627
4313805;"Palmitinho";RS;-27.3550;-53.5596
4322103;"Tucunduva";RS;-27.6597;-54.4423
3516606;"Gália";SP;-22.2910;-49.5534
4110102;"Imbituva";PR;-25.2285;-50.6042
3133303;"Itaobim";MG;-16.5620;-41.5025
4208203;"Itajaí";SC;-26.9048;-48.6555
1505601;"Peixe-Boi";PA;-1.1935;-47.3169
4216503;"São Joaquim";SC;-28.2945;-49.9324
2107209;"Nina Rodrigues";MA;-3.4658;-43.9066
2204659;"Ilha Grande";PI;-2.8518;-41.8179
3549300;"São João do Pau d'Alho";SP;-21.2700;-51.6653
4101903;"Assaí";PR;-23.3734;-50.8453
4126306;"Sengés";PR;-24.1152;-49.4714
2707909;"Santa Luzia do Norte";AL;-9.6033;-35.8231
2805901;"Riachuelo";SE;-10.7315;-37.1889
3508405;"Cabreúva";SP;-23.3074;-47.1332
4313904;"Panambi";RS;-28.3067;-53.5084
3108503;"Botumirim";MG;-16.8608;-43.0110
1705557;"Combinado";TO;-12.8179;-46.5488
3541109;"Presidente Alves";SP;-22.1001;-49.4384
3125101;"Extrema";MG;-22.8401;-46.3282
3533304;"Nova Luzitânia";SP;-20.8565;-50.2632
2107308;"Nova Iorque";MA;-6.7361;-44.0461
4208302;"Itapema";SC;-27.0977;-48.6164
4118105;"Paranacity";PR;-22.9324;-52.1528
2912806;"Ibirapuã";BA;-17.6885;-40.1098
5004502;"Itaporã";MS;-22.0823;-54.7871
4126405;"Sertaneja";PR;-23.0373;-50.8168
1505551;"Pau D'Arco";PA;-7.8304;-50.0402
2408607;"Paraná";RN;-6.4852;-38.3125
2311702;"Reriutaba";CE;-4.1424;-40.5822
2515401;"São Vicente do Seridó";PB;-6.9344;-36.4025
4305702;"Condor";RS;-28.2089;-53.4842
3116902;"Comendador Gomes";MG;-19.6930;-49.0843
3100302;"Abre Campo";MG;-20.3017;-42.4781
3304128;"Quatis";RJ;-22.4148;-44.2590
4200101;"Abelardo Luz";SC;-26.5663;-52.3271
3525102;"Jardinópolis";SP;-21.0183;-47.7643
1301159;"Careiro da Várzea";AM;-3.1988;-59.8250
2904605;"Brumado";BA;-14.2040;-41.6699
4321907;"Três Passos";RS;-27.4573;-53.9288
4109906;"Icaraíma";PR;-23.3949;-53.6235
1505403;"Ourém";PA;-1.5508;-47.1139
4118204;"Paranaguá";PR;-25.5189;-48.5091
5004601;"Itaquiraí";MS;-23.4846;-54.1824
2303501;"Cascavel";CE;-4.1326;-38.2423
1713809;"Palmeiras do Tocantins";TO;-6.6102;-47.5466
3516903;"General Salgado";SP;-20.6487;-50.3608
5201306;"Anicuns";GO;-16.4620;-49.9580
3304110;"Porto Real";RJ;-22.4192;-44.3024
2515500;"Serra Branca";PB;-7.4833;-36.6600
2400406;"Água Nova";RN;-6.2067;-38.2919
3500303;"Aguaí";SP;-22.0592;-46.9790
2707206;"Poço das Trincheiras";AL;-9.3060;-37.2850
2204709;"Inhuma";PI;-6.6712;-41.7081
3304102;"Porciúncula";RJ;-20.9632;-42.0402
4126355;"Serranópolis do Iguaçu";PR;-25.4033;-54.0481
2408953;"Rio do Fogo";RN;-5.2748;-35.3824
4101705;"Araruna";PR;-23.9332;-52.4974
4110003;"Iguaraçu";PR;-23.1977;-51.8240
4216800;"São José do Cerrito";SC;-27.6624;-50.5791
2927903;"Santa Inês";BA;-13.2922;-39.8179
5102504;"Cáceres";MT;-16.0837;-57.6755
4313706;"Palmeira das Missões";RS;-27.9016;-53.3132
2507309;"Jacaraú";PB;-6.6151;-35.2914
1705607;"Conceição do Tocantins";TO;-12.2189;-47.2970
1301506;"Envira";AM;-7.4363;-70.0233
2912608;"Ibiquera";BA;-12.6513;-40.9340
4208609;"Jaborá";SC;-27.1747;-51.7344
3508702;"Caconde";SP;-21.5290;-46.6451
3140852;"Matias Cardoso";MG;-14.8552;-43.9224
5208806;"Goianira";GO;-16.4966;-49.4251
2311504;"Quixeré";CE;-5.0741;-37.9893
4101804;"Araucária";PR;-25.5905;-49.4005
4305504;"Ciríaco";RS;-28.3431;-51.8762
2204550;"Guaribas";PI;-9.3947;-43.6869
2605152;"Dormentes";PE;-8.4486;-40.7663
2106607;"Matões";MA;-5.5201;-43.2014
2919702;"Macarani";BA;-15.5649;-40.4238
2806305;"Santa Luzia do Itanhy";SE;-11.3518;-37.4485
2904407;"Brejolândia";BA;-12.4846;-43.9600
4126702;"Tamboara";PR;-23.1984;-52.5000
4200408;"Água Doce";SC;-26.9979;-51.5494
2912707;"Ibirapitanga";BA;-14.1621;-39.3673
3108909;"Brazópolis";MG;-22.4734;-45.6185
4208708;"Jacinto Machado";SC;-28.9992;-49.7626
5004403;"Inocência";MS;-19.7288;-51.9296
2408904;"Parelhas";RN;-6.6880;-36.6566
3508801;"Cafelândia";SP;-21.8041;-49.6051
5200605;"Alto Paraíso de Goiás";GO;-14.1348;-47.5197
2303303;"Cariús";CE;-6.5382;-39.4970
3541505;"Presidente Venceslau";SP;-21.8752;-51.8444
2311603;"Redenção";CE;-4.2250;-38.7308
2919553;"Luís Eduardo Magalhães";BA;-12.0905;-45.7966
4321956;"Trindade do Sul";RS;-27.5214;-52.8998
4305603;"Colorado";RS;-28.5272;-52.9927
2515302;"Sapé";PB;-7.0962;-35.2302
3500105;"Adamantina";SP;-21.6878;-51.0733
5101803;"Barra do Garças";MT;-15.8941;-52.2649
4118501;"Pato Branco";PR;-26.2285;-52.6730
4126678;"Tamarana";PR;-23.7283;-51.0940
3100708;"Água Comprida";MG;-20.0580;-48.1095
4200507;"Águas de Chapecó";SC;-27.0742;-52.9879
3304409;"Rio Claro";RJ;-22.7250;-44.1372
4305587;"Colinas";RS;-29.3892;-51.8694
1505437;"Ourilândia do Norte";PA;-6.7543;-51.0672
3166105;"Senhora do Porto";MG;-18.8929;-43.0839
2904506;"Brotas de Macaúbas";BA;-12.0011;-42.6293
2204501;"Guadalupe";PI;-6.7859;-43.5693
2927705;"Santa Cruz Cabrália";BA;-16.2820;-39.0243
2613404;"São José da Coroa Grande";PE;-8.8986;-35.1451
5216908;"Pilar de Goiás";GO;-14.7641;-49.5792
2303402;"Carnaubal";CE;-4.1624;-40.9421
2507101;"Itapororoca";PB;-6.8286;-35.2470
3516804;"Gastão Vidigal";SP;-20.7992;-50.1882
4110300;"Inajá";PR;-22.7503;-52.1971
3500204;"Adolfo";SP;-21.2356;-49.6428
4322301;"Tuparendi";RS;-27.7599;-54.4789
3157906;"Santa Margarida";MG;-20.3843;-42.2512
2106672;"Milagres do Maranhão";MA;-3.5813;-42.6072
3304508;"Rio das Flores";RJ;-22.1696;-43.5778
1714203;"Natividade";TO;-11.7101;-47.7245
4216701;"São José do Cedro";SC;-26.4546;-53.4983
2919504;"Livramento de Nossa Senhora";BA;-13.6510;-41.8415
2204600;"Hugo Napoleão";PI;-5.9894;-42.5581
2806107;"Rosário do Catete";SE;-10.6963;-37.0321
2927804;"Santa Cruz da Vitória";BA;-14.9604;-39.8101
2400802;"Angicos";RN;-5.6650;-36.6009
3140902;"Matipó";MG;-20.2849;-42.3417
4102109;"Astorga";PR;-23.2340;-51.6640
2912004;"Ibiassucê";BA;-14.2694;-42.2576
3157252;"Santa Bárbara do Leste";MG;-19.9781;-42.1411
2605202;"Escada";PE;-8.3696;-35.2406
3508603;"Cachoeira Paulista";SP;-22.6644;-45.0076
2507200;"Itatuba";PB;-7.3769;-35.6300
5208707;"Goiânia";GO;-16.6802;-49.2565
2310902;"Piquet Carneiro";CE;-5.8051;-39.4183
4314100;"Passo Fundo";RS;-28.2516;-52.3956
3533254;"Novais";SP;-20.9933;-48.9188
3149705;"Perdigão";MG;-19.9528;-45.0847
3108701;"Brás Pires";MG;-20.8478;-43.2437
4208500;"Ituporanga";SC;-27.4155;-49.6022
2919603;"Macajuba";BA;-12.1371;-40.3601
3132701;"Itambacuri";MG;-18.0324;-41.6851
1706001;"Couto Magalhães";TO;-8.3601;-49.1789
3165404;"Sapucaí-Mirim";MG;-22.7475;-45.7450
3500550;"Águas de Santa Bárbara";SP;-22.8808;-49.2393
2903805;"Boa Vista do Tupim";BA;-12.6595;-40.6074
4102208;"Atalaia";PR;-23.1515;-52.0533
2106631;"Matões do Norte";MA;-3.6314;-44.5516
2806206;"Salgado";SE;-11.0283;-37.4784
4322251;"Tupandi";RS;-29.4818;-51.4191
4200309;"Agronômica";SC;-27.2697;-49.7177
2302701;"Campos Sales";CE;-7.0737;-40.3763
4314076;"Passo do Sobrado";RS;-29.7500;-52.2764
4305900;"Coronel Bicaco";RS;-27.7181;-53.7080
5101852;"Bom Jesus do Araguaia";MT;-12.1728;-51.5050
2408805;"Parazinho";RN;-5.2263;-35.8399
3100500;"Açucena";MG;-19.0731;-42.5464
5200506;"Aloândia";GO;-17.7279;-49.4812
3108800;"Braúnas";MG;-19.0575;-42.7188
4314068;"Passa Sete";RS;-29.4522;-52.9650
3124500;"Estiva";MG;-22.4652;-46.0179
3549706;"São José do Rio Pardo";SP;-21.5996;-46.8917
2203909;"Floriano";PI;-6.7742;-43.0211
3157203;"Santa Bárbara";MG;-19.9600;-43.4176
3165503;"Sardoá";MG;-18.7827;-42.3665
5101837;"Boa Esperança do Norte";MT;-13.5103;-55.1500
4118402;"Paranavaí";PR;-23.0821;-52.4643
3533205;"Nova Independência";SP;-21.1049;-51.4902
3100609;"Água Boa";MG;-17.9936;-42.3909
3116308;"Cipotânea";MG;-20.9052;-43.3657
3516853;"Gavião Peixoto";SP;-21.8392;-48.4951
3140704;"Mateus Leme";MG;-19.9871;-44.4292
2400604;"Almino Afonso";RN;-6.1531;-37.7661
4314175;"Pedras Altas";RS;-31.7325;-53.5854
4305871;"Coronel Barros";RS;-28.3825;-54.0735
4322350;"União da Serra";RS;-28.7546;-52.0150
4322343;"Ubiretama";RS;-28.0461;-54.6810
3304300;"Rio Bonito";RJ;-22.7106;-42.6482
3500501;"Águas de Lindóia";SP;-22.4716;-46.6321
2928109;"Santa Maria da Vitória";BA;-13.3847;-44.1910
4314159;"Paverama";RS;-29.5512;-51.7353
3149002;"Pedra Dourada";MG;-20.8319;-42.1559
3116159;"Chapada Gaúcha";MG;-15.2969;-45.6257
4110201;"Inácio Martins";PR;-25.5735;-51.0775
3525003;"Jandira";SP;-23.5315;-46.9019
3157302;"Santa Bárbara do Tugúrio";MG;-21.2462;-43.5601
2310951;"Pires Ferreira";CE;-4.2437;-40.6415
4322327;"Turuçu";RS;-31.4214;-52.1776
3132503;"Itamarandiba";MG;-17.8568;-42.8582
4305975;"Coxilha";RS;-28.1266;-52.3001
2514651;"São José do Brejo do Cruz";PB;-6.2133;-37.3554
2919926;"Madre de Deus";BA;-12.7456;-38.6154
2613800;"São Vicente Férrer";PE;-7.5907;-35.4892
2805505;"Poço Verde";SE;-10.7110;-38.1766
3140803;"Matias Barbosa";MG;-21.8689;-43.3183
2400703;"Alto do Rodrigues";RN;-5.2884;-36.7616
2203859;"Floresta do Piauí";PI;-7.4668;-41.7981
5217302;"Pirenópolis";GO;-15.8526;-48.9589
3500600;"Águas de São Pedro";SP;-22.5987;-47.8771
2707107;"Piranhas";AL;-9.6245;-37.7580
4305959;"Cotiporã";RS;-28.9942;-51.6966
1505809;"Portel";PA;-1.9391;-50.8238
2605608;"Flores";PE;-7.8671;-37.9744
4102000;"Assis Chateaubriand";PR;-24.4045;-53.5102
3157278;"Santa Bárbara do Monte Verde";MG;-21.9587;-43.7055
3149101;"Pedralva";MG;-22.2431;-45.4660
4126652;"Sulina";PR;-25.7016;-52.7211
2919900;"Macururé";BA;-9.1678;-39.0591
4314134;"Paulo Bento";RS;-27.7033;-52.4233
5200555;"Alto Horizonte";GO;-14.1950;-49.3390
3124302;"Espinosa";MG;-14.9268;-42.8170
3532504;"Neves Paulista";SP;-20.8461;-49.6302
3132602;"Itamarati de Minas";MG;-21.4177;-42.8186
4216057;"São Cristóvão do Sul";SC;-27.2674;-50.4410
3165305;"São Vicente de Minas";MG;-21.7017;-44.4422
1301407;"Eirunepé";AM;-6.6678;-69.8650
4118451;"Pato Bragado";PR;-24.6254;-54.2252
4322152;"Tunas";RS;-29.1016;-52.9595
4305934;"Coronel Pilar";RS;-29.2733;-51.6858
1505650;"Placas";PA;-3.8641;-54.2160
3549607;"São José do Barreiro";SP;-22.6455;-44.5773
3524303;"Jaboticabal";SP;-21.2546;-48.3107
3532603;"Nhandeara";SP;-20.6949;-50.0416
3124401;"Espírito Santo do Dourado";MG;-22.0474;-45.9514
1505635;"Piçarra";PA;-6.4431;-48.8628
2911857;"Heliópolis";BA;-10.6761;-38.2819
3157104;"Salto da Divisa";MG;-15.9981;-39.9499
4207858;"Irati";SC;-26.6567;-52.8939
4126603;"Siqueira Campos";PR;-23.6896;-49.8316
2106508;"Matinha";MA;-3.0993;-45.0318
5200902;"Amorinópolis";GO;-16.6203;-51.0954
4313953;"Pantano Grande";RS;-30.1899;-52.3713
3116209;"Chiador";MG;-22.0034;-43.0578
2613602;"São José do Egito";PE;-7.4788;-37.2757
5217104;"Piracanjuba";GO;-17.3048;-49.0220
2514701;"São José do Sabugi";PB;-6.7750;-36.7952
3141108;"Matozinhos";MG;-19.5583;-44.0817
3541406;"Presidente Prudente";SP;-22.1220;-51.3882
4216008;"São Carlos";SC;-27.0813;-53.0050
3500402;"Águas da Prata";SP;-21.9356;-46.7165
3148905;"Pedra do Indaiá";MG;-20.2567;-45.2088
5004809;"Japorã";MS;-23.8941;-54.4035
2919959;"Maetinga";BA;-14.6633;-41.4918
3524402;"Jacareí";SP;-23.3056;-45.9749
3557105;"Votuporanga";SP;-20.4190;-49.9767
2928000;"Santaluz";BA;-11.2543;-39.3748
2605400;"Feira Nova";PE;-7.9507;-35.3880
2310852;"Pindoretama";CE;-4.0282;-38.3060
5101704;"Barra do Bugres";MT;-15.0645;-57.1786
2506509;"Gurjão";PB;-7.2475;-36.4890
2514552;"São José de Princesa";PB;-7.7404;-38.0981
2613701;"São Lourenço da Mata";PE;-7.9964;-35.0402
5217203;"Piranhas";GO;-16.4265;-51.8227
2707404;"Porto de Pedras";AL;-9.1604;-35.2972
4314050;"Parobé";RS;-29.6267;-50.8291
3132909;"Itamogi";MG;-21.0778;-47.0424
4216107;"São Domingos";SC;-26.5604;-52.5309
3516200;"Franca";SP;-20.5383;-47.4011
5200852;"Americano do Brasil";GO;-16.2554;-49.9824
4314035;"Pareci Novo";RS;-29.6390;-51.3969
3548906;"São Carlos";SP;-22.0167;-47.8920
2605509;"Ferreiros";PE;-7.4482;-35.2467
2203750;"Fartura do Piauí";PI;-9.4840;-42.7929
2919801;"Macaúbas";BA;-13.0184;-42.6944
5209150;"Gouvelândia";GO;-18.4409;-50.1369
4314027;"Paraíso do Sul";RS;-29.7323;-53.1793
1505700;"Ponta de Pedras";PA;-1.3938;-48.8712
1300680;"Boa Vista do Ramos";AM;-2.9704;-57.5884
4322202;"Tupanciretã";RS;-29.0849;-53.8365
3508009;"Buri";SP;-23.7978;-48.5950
4305850;"Coqueiros do Sul";RS;-28.1187;-52.7826
2707503;"Porto Real do Colégio";AL;-10.1852;-36.8360
3532405;"Nazaré Paulista";SP;-23.1822;-46.3982
3124708;"Estrela do Indaiá";MG;-19.5214;-45.7879
4125902;"São Pedro do Paraná";PR;-22.8247;-53.2222
3108107;"Bonfim";MG;-20.3269;-44.2393
1300805;"Borba";AM;-4.3945;-59.5890
2911907;"Iaçu";BA;-12.7674;-40.2059
4207908;"Irineópolis";SC;-26.2400;-50.8009
4305835;"Coqueiro Baixo";RS;-29.1772;-52.0990
3540705;"Porto Ferreira";SP;-21.8529;-47.4797
2310803;"Pereiro";CE;-6.0463;-38.4589
4322186;"Tupanci do Sul";RS;-27.9238;-51.5373
2514503;"São José de Piranhas";PB;-7.1196;-38.4994
4126009;"São Sebastião da Amoreira";PR;-23.4640;-50.7615
3165701;"Senador Firmino";MG;-20.9170;-43.1004
4314001;"Paraí";RS;-28.5975;-51.7869
3524204;"Jaborandi";SP;-20.6888;-48.4136
3116506;"Claro dos Poções";MG;-17.0820;-44.2079
2928059;"Santa Luzia";BA;-15.4319;-39.3327
2605459;"Fernando de Noronha";PE;-3.8413;-32.4109
2903706;"Boa Nova";BA;-14.3623;-40.2073
5209101;"Goiatuba";GO;-18.0129;-49.3581
3540804;"Potirendaba";SP;-21.0433;-49.3787
2408201;"Nísia Floresta";RN;-6.0911;-35.2088
3557154;"Zacarias";SP;-21.0529;-50.0515
1505007;"Nova Timboteua";PA;-1.2060;-47.3877
2302602;"Camocim";CE;-2.9003;-40.8430
3157500;"Santa Efigênia de Minas";MG;-18.8273;-42.4394
4305801;"Constantina";RS;-27.7331;-52.9950
4313334;"Nova Ramada";RS;-28.0825;-53.7066
4305157;"Cerro Grande";RS;-27.6101;-53.1664
2106904;"Monção";MA;-3.4913;-45.2521
2514602;"São José do Bonfim";PB;-7.1621;-37.3089
4117800;"Palmital";PR;-24.8859;-52.2119
3516002;"Flórida Paulista";SP;-21.6142;-51.1729
4321501;"Torres";RS;-29.3398;-49.7256
3116605;"Cláudio";MG;-20.4448;-44.7647
3303708;"Paraíba do Sul";RJ;-22.1590;-43.2855
4215901;"São Bonifácio";SC;-27.9009;-48.9303
5004700;"Ivinhema";MS;-22.3069;-53.8302
3149309;"Pedro Leopoldo";MG;-19.6200;-44.0405
2203800;"Flores do Piauí";PI;-7.7949;-42.9251
4321493;"Toropi";RS;-29.4780;-54.2277
1300607;"Benjamin Constant";AM;-4.3819;-70.0246
4109609;"Guaratuba";PR;-25.8763;-48.5751
2106755;"Miranda do Norte";MA;-3.5622;-44.5856
3507803;"Brodowski";SP;-20.9890;-47.6588
2707305;"Porto Calvo";AL;-9.0551;-35.3984
4305132;"Cerro Branco";RS;-29.6659;-52.9348
2506400;"Gurinhém";PB;-7.1261;-35.4259
2904050;"Bonito";BA;-11.9680;-41.2685
1504976;"Nova Ipixuna";PA;-4.9113;-49.0740
4313300;"Nova Prata";RS;-28.7838;-51.6098
4305124;"Cerrito";RS;-31.8540;-52.8166
3516101;"Florínea";SP;-22.9002;-50.7298
4321600;"Tramandaí";RS;-29.9860;-50.1315
3132800;"Itambé do Mato Dentro";MG;-19.4143;-43.3223
4207700;"Ipumirim";SC;-27.0757;-52.1342
4305116;"Centenário";RS;-27.7611;-51.9981
1705102;"Chapada da Natividade";TO;-11.6169;-47.7521
3540754;"Potim";SP;-22.8436;-45.2523
4101408;"Apucarana";PR;-23.5538;-51.4677
4125803;"São Pedro do Ivaí";PR;-23.8663;-51.8562
2311231;"Potiretama";CE;-5.7215;-38.1561
2204154;"Francisco Macedo";PI;-7.3285;-40.7911
4305108;"Caxias do Sul";RS;-29.1731;-51.1768
2912202;"Ibicoara";BA;-13.4146;-41.2853
2805406;"Poço Redondo";SE;-9.8082;-37.6827
4313409;"Novo Hamburgo";RS;-29.6947;-51.1159
3124609;"Estrela Dalva";MG;-21.7429;-42.4615
3108008;"Bom Sucesso";MG;-21.0369;-44.7611
5208905;"Goiás";GO;-15.9340;-50.1402
4207809;"Irani";SC;-27.0234;-51.9016
3507902;"Brotas";SP;-22.2882;-48.1265
3556958;"Vitória Brasil";SP;-20.1973;-50.4850
3540606;"Porto Feliz";SP;-23.2134;-47.5236
5004007;"Glória de Dourados";MS;-22.4083;-54.2344
4313391;"Novo Cabrais";RS;-29.7390;-52.9535
1505064;"Novo Repartimento";PA;-4.2485;-49.9514
3532801;"Nova Aliança";SP;-21.0156;-49.4970
2311207;"Potengi";CE;-7.0913;-40.0260
2919157;"Lapão";BA;-11.3843;-41.8330
4305207;"Cerro Largo";RS;-28.1470;-54.7381
2912301;"Ibicuí";BA;-14.8407;-39.9880
3116407;"Claraval";MG;-20.4023;-47.2852
2106706;"Mirador";MA;-6.3720;-44.3609
4117602;"Palmas";PR;-26.4890;-51.9889
2514909;"São Mamede";PB;-6.9273;-37.0965
4313375;"Nova Santa Rita";RS;-29.8553;-51.2752
5200829;"Amaralina";GO;-13.9284;-49.2988
3303500;"Nova Iguaçu";RJ;-22.7545;-43.4509
3524600;"Jacupiranga";SP;-24.6987;-48.0027
2408102;"Natal";RN;-5.8301;-35.2128
2204105;"Francisco Ayres";PI;-6.6233;-42.6928
2927309;"Salinas da Margarida";BA;-12.8730;-38.7603
4313359;"Nova Roma do Sul";RS;-28.9904;-51.4081
1505031;"Novo Progresso";PA;-7.0382;-55.4068
2904100;"Boquira";BA;-12.8208;-42.7312
2613008;"São Bento do Una";PE;-8.5213;-36.4451
2506707;"Imaculada";PB;-7.3900;-37.5089
4109401;"Guarapuava";PR;-25.3863;-51.4699
2106805;"Mirinzal";MA;-2.0625;-44.7845
4207759;"Iraceminha";SC;-26.8239;-53.2739
2303006;"Caridade";CE;-4.2320;-39.1951
4117701;"Palmeira";PR;-25.4238;-49.9992
1504901;"Muaná";PA;-1.5290;-49.2176
5101902;"Brasnorte";MT;-12.1223;-58.0029
5200803;"Alvorada do Norte";GO;-14.4839;-46.5109
3516408;"Franco da Rocha";SP;-23.3319;-46.7260
4321402;"Tenente Portela";RS;-27.3713;-53.7562
2515005;"São Miguel de Taipu";PB;-7.2505;-35.2089
3303609;"Paracambi";RJ;-22.6126;-43.7110
3165560;"Sem-Peixe";MG;-20.1012;-42.8404
4305173;"Cerro Grande do Sul";RS;-30.5942;-51.7497
3165552;"Setubinha";MG;-17.6007;-42.1620
4216305;"São João Batista";SC;-27.2761;-48.8490
3157377;"Santa Cruz de Salinas";MG;-16.0988;-41.7467
2204204;"Francisco Santos";PI;-6.9940;-41.1377
1300631;"Beruri";AM;-3.8980;-61.3752
2927408;"Salvador";BA;-12.9742;-38.5124
4101200;"Antonina";PR;-25.4289;-48.7102
2604809;"Cortês";PE;-8.4729;-35.5429
3532868;"Nova Castilho";SP;-20.7632;-50.3421
4109500;"Guaraqueçaba";PR;-25.2991;-48.3300
2805703;"Propriá";SE;-10.2097;-36.8328
3141009;"Mato Verde";MG;-15.3981;-42.8614
4313201;"Nova Petrópolis";RS;-29.3759;-51.1129
3508207;"Buritizal";SP;-20.1913;-47.7081
2506806;"Ingá";PB;-7.2895;-35.6103
3165537;"Sarzedo";MG;-20.0335;-44.1445
3557006;"Votorantim";SP;-23.5407;-47.4469
2912103;"Ibicaraí";BA;-14.8666;-39.5848
3108305;"Borda da Mata";MG;-22.2734;-46.1660
5200134;"Acreúna";GO;-17.3972;-50.3798
1705508;"Colinas do Tocantins";TO;-8.0558;-48.4835
4208104;"Itaiópolis";SC;-26.3393;-49.9064
1713304;"Miranorte";TO;-9.5234;-48.5898
2311009;"Poranga";CE;-4.7454;-40.9161
4101309;"Antônio Olinto";PR;-25.9872;-50.1971
2919207;"Lauro de Freitas";BA;-12.8965;-38.3247
3532843;"Nova Canaã Paulista";SP;-20.3871;-50.9489
4305009;"Catuípe";RS;-28.2509;-54.0137
5208301;"Divinópolis de Goiás";GO;-13.2923;-46.3973
4126207;"Sapopema";PR;-23.9107;-50.5794
3205200;"Vila Velha";ES;-20.3597;-40.2989
4321352;"Tavares";RS;-31.2894;-51.0908
3548807;"São Caetano do Sul";SP;-23.6330;-46.5747
4321477;"Tiradentes do Sul";RS;-27.3938;-54.0883
3157336;"Santa Cruz de Minas";MG;-21.1201;-44.2244
5216452;"Perolândia";GO;-17.5298;-52.0653
3532827;"Nova Campina";SP;-24.1213;-48.9046
2805802;"Riachão do Dantas";SE;-11.0706;-37.7266
2408409;"Olho d'Água do Borges";RN;-5.9569;-37.7035
4321469;"Tio Hugo";RS;-28.5670;-52.5944
2903904;"Bom Jesus da Lapa";BA;-13.2554;-43.4202
3100104;"Abadia dos Dourados";MG;-18.4911;-47.4065
2106102;"Loreto";MA;-7.0858;-45.1418
3108404;"Botelhos";MG;-21.6499;-46.3956
5003900;"Figueirão";MS;-18.6752;-53.6417
5200100;"Abadiânia";GO;-16.1973;-48.7060
2311108;"Porteiras";CE;-7.5332;-39.1186
3205309;"Vitória";ES;-20.3212;-40.3393
3149150;"Pedras de Maria da Cruz";MG;-15.6052;-44.3894
2302800;"Canindé";CE;-4.3503;-39.3131
4321451;"Teutônia";RS;-29.4824;-51.8164
2514800;"São José dos Cordeiros";PB;-7.3911;-36.8065
4118006;"Paraíso do Norte";PR;-23.2803;-52.6000
1504950;"Nova Esperança do Piriá";PA;-2.2709;-46.9671
5101308;"Arenápolis";MT;-14.4566;-56.8431
3140308;"Marliéria";MG;-19.7119;-42.7342
2400208;"Assú";RN;-5.5738;-36.9069
2408508;"Ouro Branco";RN;-6.7024;-36.9449
3100203;"Abaeté";MG;-19.1571;-45.4480
2204006;"Francinópolis";PI;-6.3974;-42.2642
4321436;"Terra de Areia";RS;-29.5871;-50.0665
2302909;"Capistrano";CE;-4.4689;-38.9008
2904001;"Boninal";BA;-12.7093;-41.8273
3303906;"Petrópolis";RJ;-22.5076;-43.1816
2506608;"Ibiara";PB;-7.4996;-38.4029
3165602;"Senador Cortes";MG;-21.8009;-42.9450
4216354;"São João do Itaperiú";SC;-26.6185;-48.7677
4109807;"Ibiporã";PR;-23.2671;-51.0498
2927200;"Ruy Barbosa";BA;-12.2865;-40.4950
2612901;"São Benedito do Sul";PE;-8.8100;-35.9338
5216403;"Paraúna";GO;-16.9478;-50.4486
3132107;"Itacarambi";MG;-15.1018;-44.0954
3140407;"Marmelópolis";MG;-22.4492;-45.1644
2400307;"Afonso Bezerra";RN;-5.5004;-36.5069
4126272;"Saudade do Iguaçu";PR;-25.6914;-52.6171
2919009;"Lajedinho";BA;-12.3550;-40.9040
5200175;"Água Fria de Goiás";GO;-14.9861;-47.7847
3157401;"Santa Cruz do Escalvado";MG;-20.2360;-42.8142
3165578;"Senador Amaral";MG;-22.5936;-46.1744
3304003;"Piraí";RJ;-22.6281;-43.8999
2805604;"Porto da Folha";SE;-9.9151;-37.2795
2604700;"Correntes";PE;-9.1294;-36.3280
4126256;"Sarandi";PR;-23.4431;-51.8728
3549250;"São João de Iracema";SP;-20.5135;-50.3526
4101606;"Arapoti";PR;-24.1434;-49.8237
2706703;"Penedo";AL;-10.2892;-36.5860
5101258;"Araputanga";MT;-15.4714;-58.3480
5200159;"Adelândia";GO;-16.4163;-50.1644
3108206;"Bonfinópolis de Minas";MG;-16.5661;-45.9864
3541059;"Pratânia";SP;-22.8090;-48.6664
4208005;"Itá";SC;-27.2750;-52.3406
2903953;"Bom Jesus da Serra";BA;-14.3752;-40.5043
3149200;"Pedrinópolis";MG;-19.2283;-47.4616
3132206;"Itaguara";MG;-20.3916;-44.4876
2919108;"Lamarão";BA;-11.7935;-38.8829
2903300;"Barro Preto";BA;-14.8101;-39.4722
3164902;"São Sebastião do Rio Verde";MG;-22.2181;-44.9776
1713700;"Monte Santo do Tocantins";TO;-10.0095;-48.9914
2302206;"Beberibe";CE;-4.1790;-38.1302
4305405;"Chiapetta";RS;-27.9228;-53.9412
1301001;"Carauari";AM;-4.8781;-66.8972
3124005;"Ervália";MG;-20.8400;-42.6565
3303955;"Pinheiral";RJ;-22.5211;-44.0008
2408300;"Nova Cruz";RN;-6.4749;-35.4355
2105989;"Lajeado Novo";MA;-6.1909;-47.0387
3549201;"São João das Duas Pontes";SP;-20.3896;-50.3783
2903276;"Barrocas";BA;-11.5383;-39.0782
3156700;"Sabará";MG;-19.8900;-43.8109
2613206;"São João";PE;-8.8770;-36.3661
4321857;"Três Palmeiras";RS;-27.6164;-52.8413
2400109;"Acari";RN;-6.4340;-36.6406
3140209;"Maripá de Minas";MG;-21.6972;-42.9604
3303807;"Paraty";RJ;-23.2179;-44.7135
4216255;"São João do Oeste";SC;-27.0993;-53.5941
4305371;"Charrua";RS;-27.9538;-52.0323
3532702;"Nipoã";SP;-20.9137;-49.7782
5208152;"Gameleira de Goiás";GO;-16.4854;-48.6467
3115805;"Centralina";MG;-18.5842;-49.1987
1300839;"Caapiranga";AM;-3.3268;-61.2134
2105963;"Lagoa Grande do Maranhão";MA;-4.9929;-45.3848
3148509;"Pavão";MG;-17.4304;-40.9992
2919058;"Lajedo do Tabocal";BA;-13.4737;-40.2224
3541000;"Praia Grande";SP;-24.0307;-46.4939
4101655;"Arapuã";PR;-24.3058;-51.7843
4305355;"Charqueadas";RS;-29.9588;-51.6280
2706505;"Passo de Camaragibe";AL;-9.2424;-35.4907
2605004;"Cupira";PE;-8.6090;-35.9501
2927606;"Santa Brígida";BA;-9.7354;-38.1293
4321832;"Três Forquilhas";RS;-29.5375;-50.0634
3132008;"Itacambira";MG;-17.0643;-43.3101
4313656;"Palmares do Sul";RS;-30.2606;-50.5097
2613305;"São Joaquim do Monte";PE;-8.4316;-35.8073
3108255;"Bonito de Minas";MG;-15.3251;-44.7550
2105948;"Lago dos Rodrigues";MA;-4.6145;-44.9822
3524501;"Jaci";SP;-20.8844;-49.5705
5216809;"Petrolina de Goiás";GO;-16.1007;-49.3356
3557204;"Chavantes";SP;-23.0405;-49.7081
3540853;"Pracinha";SP;-21.8532;-51.0873
4101507;"Arapongas";PR;-23.4075;-51.4376
3148608;"Peçanha";MG;-18.5480;-42.5599
2203354;"Dirceu Arcoverde";PI;-9.3413;-42.4370
3516309;"Francisco Morato";SP;-23.2820;-46.7457
2919405;"Licínio de Almeida";BA;-14.6836;-42.5063
4321808;"Três de Maio";RS;-27.7783;-54.2350
2706604;"Paulo Jacinto";AL;-9.3707;-36.3728
1505304;"Oriximiná";PA;-1.7697;-55.8664
2605103;"Custódia";PE;-8.0898;-37.6422
3123809;"Engenheiro Navarro";MG;-17.2840;-43.9491
4305454;"Cidreira";RS;-30.1840;-50.2072
3549003;"São Francisco";SP;-20.3598;-50.6972
4305447;"Chuvisca";RS;-30.7575;-51.9783
4321667;"Três Cachoeiras";RS;-29.4550;-49.9199
4216206;"São Francisco do Sul";SC;-26.2434;-48.6386
3557303;"Estiva Gerbi";SP;-22.2746;-46.9525
3164803;"São Sebastião do Rio Preto";MG;-19.2921;-43.1756
5200050;"Abadia de Goiás";GO;-16.7583;-49.4378
4305439;"Chuí";RS;-33.6893;-53.4439
4109658;"Honório Serpa";PR;-26.1458;-52.3802
2310407;"Paramoti";CE;-4.1010;-39.2386
3508108;"Buritama";SP;-21.0681;-50.1446
4215554;"Santa Helena";SC;-26.9396;-53.6178
4313607;"Paim Filho";RS;-27.7102;-51.7590
2911501;"Gongogi";BA;-14.3242;-39.4657
3540200;"Pontal";SP;-21.0244;-48.0368
1713601;"Monte do Carmo";TO;-10.7636;-48.1102
2203453;"Dom Inocêncio";PI;-9.0011;-41.9735
1300904;"Canutama";AM;-6.5328;-64.3872
3115607;"Cedro do Abaeté";MG;-19.1454;-45.7158
3123908;"Entre Rios de Minas";MG;-20.6719;-44.0657
3303856;"Paty do Alferes";RJ;-22.4301;-43.4224
3532009;"Morungaba";SP;-22.8757;-46.7928
4313466;"Novo Xingu";RS;-27.7480;-53.0611
3549102;"São João da Boa Vista";SP;-21.9694;-46.7991
4126108;"São Tomé";PR;-23.5350;-52.5889
2613107;"São Caitano";PE;-8.3273;-36.1373
4109757;"Ibema";PR;-25.1169;-53.0162
3156601;"Rubim";MG;-16.3752;-40.5406
2211605;"Vila Nova do Piauí";PI;-7.1421;-40.9397
2310258;"Paraipaba";CE;-3.4366;-39.1471
4321634;"Três Arroios";RS;-27.5008;-52.1518
2106003;"Lima Campos";MA;-4.5180;-44.4647
2203420;"Domingos Mourão";PI;-4.2530;-41.2707
4321626;"Travesseiro";RS;-29.2973;-52.0561
2514206;"São José da Lagoa Tapada";PB;-6.9405;-38.1646
3115706;"Central de Minas";MG;-18.7614;-41.3065
3540903;"Pradópolis";SP;-21.3574;-48.0667
4313441;"Novo Tiradentes";RS;-27.5630;-53.1826
3140605;"Materlândia";MG;-18.4740;-43.0590
4117909;"Palotina";PR;-24.2848;-53.8405
4215505;"Santa Cecília";SC;-26.9622;-50.4249
3148400;"Paulistas";MG;-18.4285;-42.8689
2604908;"Cumaru";PE;-8.0099;-35.6974
5004304;"Iguatemi";MS;-23.6843;-54.5627
2203404;"Dom Expedito Lopes";PI;-6.9591;-41.6455
2302057;"Barroquinha";CE;-3.0198;-41.1353
3523800;"Itobi";SP;-21.7315;-46.9746
1505106;"Óbidos";PA;-1.9166;-55.5158
5101209;"Araguainha";MT;-16.8598;-53.0335
2106359;"Marajá do Sena";MA;-4.6219;-45.4560
4313425;"Novo Machado";RS;-27.5781;-54.5003
2506004;"Esperança";PB;-7.0179;-35.8584
3123858;"Entre Folhas";MG;-19.6262;-42.2325
2706901;"Pilar";AL;-9.6073;-35.9548
2911303;"Gentio do Ouro";BA;-11.4282;-42.5050
2203255;"Curralinhos";PI;-5.6190;-42.8286
1300201;"Atalaia do Norte";AM;-4.3649;-70.1911
3515608;"Fernando Prestes";SP;-21.2648;-48.6862
3540259;"Pontalinda";SP;-20.4408;-50.5237
3132404;"Itajubá";MG;-22.4259;-45.4528
4109708;"Ibaiti";PR;-23.8450;-50.1887
4207304;"Imbituba";SC;-28.2414;-48.6644
3523909;"Itu";SP;-23.2698;-47.2870
4215604;"Santa Rosa de Lima";SC;-28.0395;-49.1259
4321709;"Três Coroas";RS;-29.5153;-50.7798
1505205;"Oeiras do Pará";PA;-2.0036;-49.8546
4125407;"São José da Boa Vista";PR;-23.9176;-49.6529
2707008;"Pindoba";AL;-9.4742;-36.2892
2903235;"Barro Alto";BA;-11.7612;-41.9086
3556602;"Vera Cruz";SP;-22.2193;-49.8196
2805000;"Pedra Mole";SE;-10.6170;-37.6870
2211407;"Várzea Grande";PI;-6.5459;-42.2487
3140555;"Mata Verde";MG;-15.6861;-40.7392
3124203;"Espera Feliz";MG;-20.6508;-41.9086
2106326;"Maracaçumé";MA;-2.0424;-45.9638
3515707;"Ferraz de Vasconcelos";SP;-23.5435;-46.3667
4117222;"Nova Santa Rosa";PR;-24.4678;-53.9512
3107604;"Bom Jesus da Penha";MG;-21.0171;-46.5228
4207403;"Imbuia";SC;-27.4920;-49.4232
2203230;"Currais";PI;-9.0157;-44.3996
2310308;"Parambu";CE;-6.2147;-40.6976
3532058;"Motuca";SP;-21.5129;-48.1501
4313508;"Osório";RS;-29.8891;-50.2730
2911402;"Glória";BA;-9.3416;-38.2533
3540101;"Pongaí";SP;-21.7342;-49.3574
2514008;"São João do Cariri";PB;-7.3919;-36.5324
4117214;"Nova Santa Bárbara";PR;-23.5917;-50.7622
4117206;"Nova Olímpia";PR;-23.4703;-53.0860
3548401;"Santópolis do Aguapeí";SP;-21.6381;-50.5008
4125506;"São José dos Pinhais";PR;-25.5339;-49.2074
5208608;"Goianésia";GO;-15.3266;-49.1166
2407708;"Montanhas";RN;-6.4865;-35.2868
5004106;"Guia Lopes da Laguna";MS;-21.4558;-56.1082
2302107;"Baturité";CE;-4.3289;-38.8826
4313490;"Novo Barreiro";RS;-27.9091;-53.1099
3116001;"Chalé";MG;-20.0438;-41.6893
2211506;"Vera Mendes";PI;-7.6038;-41.4834
2903201;"Barreiras";BA;-12.1467;-44.9945
2505808;"Duas Estradas";PB;-6.6861;-35.4181
3531902;"Morro Agudo";SP;-20.7329;-48.0584
2514107;"São João do Tigre";PB;-8.0806;-36.8484
4305306;"Chapada";RS;-28.0574;-53.0676
4109005;"Guapirama";PR;-23.5163;-50.0424
2106409;"Mata Roma";MA;-3.6258;-43.1100
4117305;"Ortigueira";PR;-24.2112;-50.9250
1504505;"Melgaço";PA;-1.8072;-50.7129
4321006;"Tapera";RS;-28.6334;-52.8735
2612471;"Santa Cruz da Baixa Verde";PE;-7.8212;-38.1521
4117297;"Novo Itacolomi";PR;-23.7634;-51.5081
4215406;"Salto Veloso";SC;-26.9053;-51.4075
2203305;"Demerval Lobão";PI;-5.3528;-42.6781
3515657;"Fernão";SP;-22.3594;-49.5187
3116100;"Chapada do Norte";MG;-17.0883;-42.5381
3303203;"Nilópolis";RJ;-22.8078;-43.4194
3523701;"Itirapuã";SP;-20.6403;-47.2190
2505907;"Emas";PB;-7.1058;-37.7152
1721109;"Tocantínia";TO;-9.5679;-48.3765
3148806;"Pedra do Anta";MG;-20.5977;-42.7141
4125456;"São José das Palmeiras";PR;-24.8347;-54.0643
4312807;"Nova Araçá";RS;-28.6609;-51.7445
2612455;"Santa Cruz";PE;-8.2403;-40.3347
4109104;"Guaporema";PR;-23.3407;-52.7789
2706802;"Piaçabuçu";AL;-10.4070;-36.4362
2106375;"Maranhãozinho";MA;-2.2410;-45.8589
5101605;"Barão de Melgaço";MT;-16.1949;-55.9679
1300102;"Anori";AM;-3.7486;-61.6600
4304630;"Capão da Canoa";RS;-29.7579;-50.0182
4117271;"Nova Tebas";PR;-24.4386;-51.9476
5200258;"Águas Lindas de Goiás";GO;-15.7355;-48.2831
3515509;"Fernandópolis";SP;-20.2825;-50.2488
3107406;"Bom Despacho";MG;-19.7373;-45.2521
4207205;"Imaruí";SC;-28.3438;-48.8147
2927507;"Santa Bárbara";BA;-11.9606;-38.9732
4304622;"Capão Bonito do Sul";RS;-28.1280;-51.3952
2911709;"Guanambi";BA;-14.2197;-42.7817
1704600;"Chapada de Areia";TO;-10.1423;-49.1788
2203271;"Curral Novo do Piauí";PI;-7.8333;-40.9018
4125308;"São Jorge do Ivaí";PR;-23.4333;-52.2927
3507456;"Borebi";SP;-22.5698;-48.9722
3204807;"São José do Calçado";ES;-21.0256;-41.6536
1504455;"Medicilândia";PA;-3.4465;-52.8895
4117255;"Nova Prata do Iguaçu";PR;-25.6331;-53.3502
1300086;"Anamã";AM;-3.5770;-61.4055
4304614;"Canudos do Vale";RS;-29.3230;-52.2362
2804904;"Pacatuba";SE;-10.4505;-36.6470
2310605;"Penaforte";CE;-7.8275;-39.0800
4100905;"Amaporã";PR;-23.0976;-52.7869
4304606;"Canoas";RS;-29.9218;-51.1800
3107505;"Bom Jardim de Minas";MG;-21.9502;-44.1879
5208400;"Goianápolis";GO;-16.5060;-49.0214
2407500;"Maxaranguape";RN;-5.5191;-35.2580
1720937;"Taipas do Tocantins";TO;-12.1908;-46.9932
2903508;"Belo Campo";BA;-15.0391;-41.2587
3148756;"Pedra Bonita";MG;-20.5236;-42.3278
2911808;"Guaratinga";BA;-16.5857;-39.7798
4117107;"Nova Londrina";PR;-22.7623;-52.9902
2919306;"Lençóis";BA;-12.5637;-41.3920
1300060;"Amaturá";AM;-3.3618;-68.2000
5003504;"Douradina";MS;-22.0412;-54.6107
2310704;"Pentecoste";CE;-3.7898;-39.2762
5200209;"Água Limpa";GO;-18.0780;-48.7640
2106201;"Luís Domingues";MA;-1.3267;-45.8969
3204906;"São Mateus";ES;-18.7145;-39.8554
2514404;"São José de Espinharas";PB;-6.8473;-37.3263
3115904;"Chácara";MG;-21.6717;-43.2208
5208509;"Goiandira";GO;-18.1383;-48.0880
4304705;"Carazinho";RS;-28.2856;-52.7872
4215455;"Sangão";SC;-28.6385;-49.1287
2407609;"Messias Targino";RN;-6.0784;-37.5140
5003488;"Dois Irmãos do Buriti";MS;-20.6913;-55.2865
3303005;"Miracema";RJ;-21.4150;-42.1955
4304697;"Capitão";RS;-29.2714;-51.9872
2903607;"Biritinga";BA;-11.6213;-38.8052
3507407;"Borborema";SP;-21.6212;-49.0744
1720903;"Taguatinga";TO;-12.4043;-46.4377
4108908;"Guairaçá";PR;-22.9331;-52.6860
5101407;"Aripuanã";MT;-10.1749;-59.4540
3165206;"São Tomé das Letras";MG;-21.7224;-44.9855
4304689;"Capela de Santana";RS;-29.6862;-51.3205
3556453;"Vargem Grande Paulista";SP;-23.6038;-47.0267
2203602;"Eliseu Martins";PI;-8.0983;-43.6642
2302503;"Brejo Santo";CE;-7.4915;-38.9853
2926806;"Rio do Antônio";BA;-14.4122;-42.0767
5200308;"Alexânia";GO;-16.0851;-48.5041
2612505;"Santa Cruz do Capibaribe";PE;-7.9594;-36.2004
5216007;"Panamá";GO;-18.1765;-49.3537
2106300;"Magalhães de Almeida";MA;-3.3995;-42.2047
2506202;"Frei Martinho";PB;-6.4035;-36.4548
4304671;"Capivari do Sul";RS;-30.1459;-50.5130
3140530;"Martins Soares";MG;-20.2570;-41.8776
1300144;"Apuí";AM;-7.2034;-59.8844
3303104;"Natividade";RJ;-21.0442;-41.9731
4100707;"Alto Piquiri";PR;-24.0252;-53.4413
4304663;"Capão do Leão";RS;-31.7642;-52.4998
3157005;"Salinas";MG;-16.1704;-42.2903
4125357;"São Jorge do Patrocínio";PR;-23.7642;-53.8806
4312708;"Nonoai";RS;-27.3633;-52.7735
3507506;"Botucatu";SP;-22.8852;-48.4442
1721000;"Palmas";TO;-10.1845;-48.3337
4215802;"São Bento do Sul";SC;-26.2482;-49.3810
2918605;"Jussiape";BA;-13.5132;-41.5918
2805208;"Pinhão";SE;-10.5683;-37.7237
2203701;"Esperantina";PI;-3.8979;-42.2360
4304655;"Capão do Cipó";RS;-28.9324;-54.5555
2604304;"Cedro";PE;-7.7211;-39.2370
2926905;"Rio do Pires";BA;-13.1217;-42.2885
3140506;"Martinho Campos";MG;-19.3311;-45.2366
2506301;"Guarabira";PB;-6.8531;-35.4892
5207808;"Firminópolis";GO;-16.5746;-50.3007
4320859;"Tabaí";RS;-29.6853;-51.7167
2911600;"Governador Mangabeira";BA;-12.6023;-39.0431
3204708;"São Gabriel da Palha";ES;-19.0204;-40.5326
4304507;"Canguçu";RS;-31.3976;-52.6773
3515905;"Floreal";SP;-20.6771;-50.1457
3107802;"Bom Jesus do Galho";MG;-19.8284;-42.3168
2604155;"Casinhas";PE;-7.7421;-35.7251
4207601;"Ipira";SC;-27.4049;-51.7751
1720978;"Talismã";TO;-12.7980;-49.0923
2310506;"Pedra Branca";CE;-5.4540;-39.7164
4100806;"Alvorada do Sul";PR;-22.7812;-51.2313
1712801;"Maurilândia do Tocantins";TO;-5.9526;-47.5089
2918704;"Lafaiete Coutinho";BA;-13.6564;-40.2136
2805307;"Pirambu";SE;-10.7407;-36.8589
3132305;"Itaipé";MG;-17.4031;-41.6701
4312674;"Nicolau Vergueiro";RS;-28.5359;-52.4614
2514453;"São José dos Ramos";PB;-7.2491;-35.3803
3165008;"São Tiago";MG;-20.9116;-44.5085
2903409;"Belmonte";BA;-15.8606;-38.8816
2211704;"Wall Ferraz";PI;-7.2340;-41.9119
2612307;"Saloá";PE;-8.9759;-36.6882
4215752;"São Bernardino";SC;-26.4728;-52.9667
2407906;"Monte das Gameleiras";RN;-6.4396;-35.7842
3556503;"Várzea Paulista";SP;-23.2112;-46.8322
4108957;"Guamiranga";PR;-25.1897;-50.8085
4207577;"Iomerê";SC;-27.0054;-51.2416
2302305;"Bela Cruz";CE;-3.0552;-40.1671
3107901;"Bom Repouso";MG;-22.4711;-46.1470
4312658;"Não-Me-Toque";RS;-28.4627;-52.8174
2514305;"São José de Caiana";PB;-7.2515;-38.3005
4117503;"Paiçandu";PR;-23.4593;-52.0516
3124104;"Esmeraldas";MG;-19.7613;-44.3143
2506251;"Gado Bravo";PB;-7.5824;-35.7915
3156809;"Sabinópolis";MG;-18.6658;-43.0840
3165107;"São Tomás de Aquino";MG;-20.7845;-47.0985
5100805;"Apiacás";MT;-9.5634;-57.3937
3507308;"Boracéia";SP;-22.1950;-48.7792
4207684;"Ipuaçu";SC;-26.6348;-52.4566
2203503;"Elesbão Veloso";PI;-6.2060;-42.1351
3540507;"Porangaba";SP;-23.1759;-48.1258
3139805;"Mar de Espanha";MG;-21.8672;-43.0100
2926707;"Rio de Contas";BA;-13.5782;-41.8110
2408003;"Mossoró";RN;-5.1922;-37.3450
1721307;"Tupiratins";TO;-8.3993;-48.1301
2302404;"Boa Viagem";CE;-5.1260;-39.7305
3303401;"Nova Friburgo";RJ;-22.2880;-42.5318
2604106;"Caruaru";PE;-8.2847;-35.9713
2506103;"Fagundes";PB;-7.3584;-35.7834
3548302;"Santo Expedito";SP;-21.8504;-51.3929
4312757;"Nova Alvorada";RS;-28.6774;-52.1661
2612406;"Sanharó";PE;-8.3615;-36.5633
5108956;"Nova Monte Verde";MT;-9.9797;-57.4666
1504422;"Marituba";PA;-1.3646;-48.3368
2911659;"Guajeru";BA;-14.5470;-41.9367
4109302;"Guaraniaçu";PR;-25.0999;-52.8677
5215900;"Palminópolis";GO;-16.7959;-50.1651
3156908;"Sacramento";MG;-19.8628;-47.4398
3131604;"Iraí de Minas";MG;-18.9829;-47.4615
3139904;"Maria da Fé";MG;-22.3080;-45.3737
3532306;"Natividade da Serra";SP;-23.3792;-45.4466
4320909;"Tapejara";RS;-28.0671;-52.0110
2918506;"Jussara";BA;-11.0480;-41.9700
2805109;"Pedrinhas";SE;-11.1929;-37.6760
1504406;"Marapanim";PA;-0.7163;-47.6993
2604205;"Catende";PE;-8.6702;-35.7203
4207650;"Iporã do Oeste";SC;-26.9894;-53.5353
2706208;"Palestina";AL;-9.6716;-37.3295
4117453;"Ouro Verde do Oeste";PR;-24.7760;-53.8999
4101101;"Andirá";PR;-23.0514;-50.2337
4125753;"São Pedro do Iguaçu";PR;-24.9320;-53.8631
3148707;"Pedra Azul";MG;-16.0060;-41.2795
2105658;"Junco do Maranhão";MA;-1.8787;-46.0727
3107703;"Bom Jesus do Amparo";MG;-19.7049;-43.4755
4215679;"Santa Terezinha";SC;-26.7792;-50.0065
3123403;"Doresópolis";MG;-20.2884;-45.9032
3532157;"Nantes";SP;-22.6189;-51.2380
3131703;"Itabira";MG;-19.6251;-43.2210
3164407;"São Sebastião da Bela Vista";MG;-22.1589;-45.7544
3524105;"Ituverava";SP;-20.3396;-47.7820
5003454;"Deodápolis";MS;-22.2752;-54.1643
1713205;"Miracema do Tocantins";TO;-9.5744;-48.3946
1300508;"Barreirinha";AM;-2.7927;-57.0709
4313086;"Nova Pádua";RS;-29.0301;-51.3045
1504752;"Mojuí dos Campos";PA;-2.6821;-54.6418
2407807;"Monte Alegre";RN;-6.0675;-35.3324
3205101;"Viana";ES;-20.3894;-40.4949
3540309;"Pontes Gestal";SP;-20.1845;-49.7018
4215653;"Santa Rosa do Sul";SC;-29.1355;-49.7203
3123502;"Douradoquara";MG;-18.4328;-47.6090
3156205;"Rochedo de Minas";MG;-21.6297;-43.0196
3556909;"Vista Alegre do Alto";SP;-21.1716;-48.6287
4313060;"Nova Hartz";RS;-29.5861;-50.9051
4125704;"São Miguel do Iguaçu";PR;-25.3445;-54.2386
2612703;"Santa Maria do Cambucá";PE;-7.8334;-35.8808
2105609;"Joselândia";MA;-4.9833;-44.6986
2105476;"Jenipapo dos Vieiras";MA;-5.3693;-45.6375
3532108;"Murutinga do Sul";SP;-20.9935;-51.2780
3540408;"Populina";SP;-19.9431;-50.5390
3139706;"Maravilhas";MG;-19.5127;-44.6769
3205069;"Venda Nova do Imigrante";ES;-20.3298;-41.1317
2918555;"Jussari";BA;-15.1917;-39.4952
3115300;"Cataguases";MG;-21.3893;-42.6972
1721208;"Tocantinópolis";TO;-6.3291;-47.4216
3303302;"Niterói";RJ;-22.8929;-43.1183
3148004;"Patos de Minas";MG;-18.6044;-46.5096
4125555;"São Manoel do Paraná";PR;-23.3955;-52.6445
3548708;"São Bernardo do Campo";SP;-23.6958;-46.5518
3507704;"Braúna";SP;-21.5013;-50.3164
4313037;"Nova Esperança do Sul";RS;-29.4098;-54.8312
5108857;"Nova Marilândia";MT;-14.3643;-56.9690
2706000;"Olivença";AL;-9.5111;-37.1945
3164472;"São Sebastião do Anta";MG;-19.4980;-41.9836
2927101;"Rodelas";BA;-8.8485;-38.7682
4304853;"Carlos Gomes";RS;-27.7159;-51.9146
3205176;"Vila Valério";ES;-19.0014;-40.3905
3532207;"Narandiba";SP;-22.4073;-51.5251
2604502;"Chã Grande";PE;-8.2391;-35.4620
4101150;"Ângulo";PR;-23.1968;-51.9126
4321329;"Taquaruçu do Sul";RS;-27.3998;-53.4696
3131505;"Ipuiúna";MG;-22.0988;-46.1900
2105450;"Jatobá";MA;-5.8186;-44.2303
2513653;"Joca Claudino";PB;-6.4849;-38.4775
2612802;"Santa Terezinha";PE;-7.3784;-37.4795
5216304;"Paranaiguara";GO;-18.9113;-50.6571
5003751;"Eldorado";MS;-23.7862;-54.2873
2202851;"Coronel José Dias";PI;-8.8262;-42.4802
2706109;"Ouro Branco";AL;-9.1621;-37.3589
2105427;"Itinga do Maranhão";MA;-4.4508;-47.5280
1300300;"Autazes";AM;-3.5822;-59.1300
4321303;"Taquari";RS;-29.8004;-51.8649
2918902;"Lajedão";BA;-17.6124;-40.3456
4304952;"Caseiros";RS;-28.2736;-51.6903
3123304;"Dores do Turvo";MG;-20.9750;-43.1884
1504802;"Monte Alegre";PA;-2.0051;-54.0677
2604601;"Condado";PE;-7.5874;-35.1043
4215703;"Santo Amaro da Imperatriz";SC;-27.6889;-48.7783
3205150;"Vila Pavão";ES;-18.6204;-40.6057
3524006;"Itupeva";SP;-23.1534;-47.0582
3164431;"São Sebastião da Vargem Alegre";MG;-21.0729;-42.6364
4215695;"Santiago do Sul";SC;-26.6332;-52.6759
3539707;"Platina";SP;-22.6332;-50.2055
2911006;"Floresta Azul";BA;-14.8597;-39.6548
5108808;"Nova Guarita";MT;-10.3095;-55.4036
1300409;"Barcelos";AM;-0.9692;-62.9264
3556701;"Vinhedo";SP;-23.0305;-46.9746
4215687;"Santa Terezinha do Progresso";SC;-26.6198;-53.1998
2309904;"Pacujá";CE;-3.9796;-40.6966
2804458;"Nossa Senhora Aparecida";SE;-10.3969;-37.4540
4313102;"Nova Palma";RS;-29.4707;-53.4662
3115102;"Cássia";MG;-20.5840;-46.9218
3515806;"Flora Rica";SP;-21.6750;-51.3803
2902807;"Barra da Estiva";BA;-13.6272;-41.3280
4207502;"Indaial";SC;-26.8942;-49.2332
1721257;"Tupirama";TO;-8.9755;-48.1909
4312955;"Nova Boa Vista";RS;-27.9919;-52.9803
3548500;"Santos";SP;-23.9336;-46.3281
3531506;"Monte Azul Paulista";SP;-20.9076;-48.6413
5108907;"Nova Maringá";MT;-13.0353;-57.0914
4125605;"São Mateus do Sul";PR;-25.8732;-50.3855
3507753;"Brejo Alegre";SP;-21.1645;-50.1859
2612604;"Santa Maria da Boa Vista";PE;-8.8051;-39.8269
3556800;"Viradouro";SP;-20.8728;-48.2960
2301703;"Aurora";CE;-6.9430;-38.9684
2211100;"União";PI;-4.5855;-42.8652
4304903;"Casca";RS;-28.5647;-51.9769
2105500;"João Lisboa";MA;-5.4489;-47.4010
2513703;"Santa Rita";PB;-7.1205;-34.9764
3147907;"Passos";MG;-20.7193;-46.6105
3115201;"Conceição da Barra de Minas";MG;-21.1286;-44.4726
2902658;"Banzaê";BA;-10.5805;-38.6130
3548609;"São Bento do Sapucaí";SP;-22.6896;-45.7309
2706422;"Pariconha";AL;-9.2535;-38.0055
3204955;"São Roque do Canaã";ES;-19.7380;-40.6592
3140100;"Marilac";MG;-18.5068;-42.0819
3523305;"Itariri";SP;-24.2910;-47.1743
1504604;"Mocajuba";PA;-2.5819;-49.5102
4117404;"Ourizona";PR;-23.4047;-52.1967
4215000;"Rio Negrinho";SC;-26.2517;-49.5185
3515129;"Emilianópolis";SP;-21.8329;-51.4829
2604403;"Chã de Alegria";PE;-7.9995;-35.2121
4101051;"Anahy";PR;-24.6507;-53.1335
5003801;"Fátima do Sul";MS;-22.3879;-54.5167
4321105;"Tapes";RS;-30.6720;-51.3949
2202901;"Corrente";PI;-10.4354;-45.1786
2706406;"Pão de Açúcar";AL;-9.7492;-37.4351
2505501;"Vista Serrana";PB;-6.7395;-37.5677
2210938;"Sussuapara";PI;-7.0087;-41.3849
4215109;"Rodeio";SC;-26.9240;-49.3687
3515103;"Embu-Guaçu";SP;-23.8274;-46.8145
2910800;"Feira de Santana";BA;-12.2556;-38.9652
2202752;"Colônia do Gurguéia";PI;-8.1814;-43.7939
4109203;"Guaraci";PR;-22.9741;-51.6491
3131901;"Itabirito";MG;-20.2550;-43.7999
4206801;"Ibicaré";SC;-27.0940;-51.3678
1504703;"Moju";PA;-1.8844;-48.7679
2309706;"Pacatuba";CE;-3.9848;-38.6206
4312906;"Nova Bassano";RS;-28.7410;-51.7011
4321204;"Taquara";RS;-29.6461;-50.7811
2612554;"Santa Filomena";PE;-8.1610;-40.6139
2804508;"Nossa Senhora da Glória";SE;-10.2193;-37.4200
2114007;"Zé Doca";MA;-3.2703;-45.6523
4124905;"São João do Caiuá";PR;-22.8540;-52.3396
2202737;"Coivaras";PI;-5.0903;-42.2053
2902609;"Baixa Grande";BA;-11.9602;-40.1678
2910909;"Firmino Alves";BA;-14.9868;-39.9246
3107109;"Boa Esperança";MG;-21.0926;-45.5629
4304713;"Caraá";RS;-29.7841;-50.4288
2210904;"Socorro do Piauí";PI;-7.8642;-42.5053
3205036;"Vargem Alta";ES;-20.6733;-41.0084
4313011;"Nova Candelária";RS;-27.6087;-54.1068
2202729;"Cocal dos Alves";PI;-3.6020;-41.4432
3123700;"Engenheiro Caldas";MG;-19.1989;-42.0470
4215075;"Riqueza";SC;-27.0684;-53.3232
4206900;"Ibirama";SC;-27.0579;-49.5160
3547908;"Santo Antônio da Alegria";SP;-21.0912;-47.1524
2309805;"Pacoti";CE;-4.2249;-38.9188
4313003;"Nova Bréscia";RS;-29.2146;-52.0276
4101002;"Ampére";PR;-25.9186;-53.4753
3515202;"Estrela d'Oeste";SP;-20.2863;-50.3962
2105807;"Lago do Junco";MA;-4.6067;-45.0530
2513505;"Santana de Mangueira";PB;-7.5515;-38.3369
4116703;"Nova Aurora";PR;-24.5287;-53.2547
2202711;"Cocal de Telha";PI;-4.5547;-41.9678
3515194;"Espírito Santo do Turvo";SP;-22.6937;-49.4274
3115508;"Caxambu";MG;-21.9791;-44.9346
3140159;"Mário Campos";MG;-20.0487;-44.1873
4215059;"Rio Rufino";SC;-27.8643;-49.7832
2902708;"Barra";BA;-11.0919;-43.1450
3164308;"São Roque de Minas";MG;-20.2449;-46.3658
3147956;"Patis";MG;-16.0768;-44.0809
2202703;"Cocal";PI;-3.4702;-41.5570
5208103;"Formoso";GO;-13.6526;-48.8778
3515186;"Espírito Santo do Pinhal";SP;-22.1931;-46.7470
2407203;"Macau";RN;-5.1164;-36.6348
3205010;"Sooretama";ES;-19.1902;-40.0963
2105922;"Lagoa do Mato";MA;-6.0458;-43.5266
2918753;"Lagoa Real";BA;-14.0350;-42.1442
2301604;"Assaré";CE;-6.8733;-39.8689
2211001;"Teresina";PI;-5.0911;-42.8116
4304804;"Carlos Barbosa";RS;-29.2992;-51.5007
2505303;"Curral Velho";PB;-7.5376;-38.1969
3205002;"Serra";ES;-20.1244;-40.3050
2513604;"Santana dos Garrotes";PB;-7.3829;-37.9906
1712454;"Luzinópolis";TO;-6.1903;-47.8581
4320503;"Sertão";RS;-27.9836;-52.2568
2910859;"Filadélfia";BA;-10.7401;-40.1330
4108502;"General Carneiro";PR;-26.4290;-51.3183
1504000;"Limoeiro do Ajuru";PA;-1.8948;-49.3812
2105906;"Lago Verde";MA;-4.0418;-44.9348
4116802;"Nova Cantu";PR;-24.6757;-52.5728
5101001;"Araguaiana";MT;-15.7223;-51.8356
2706448;"Paripueira";AL;-9.4652;-35.5516
4214904;"Rio Fortuna";SC;-28.1322;-49.1043
2210979;"Tanque do Piauí";PI;-6.5989;-42.2838
3156106;"Ritápolis";MG;-21.0261;-44.3192
3523206;"Itararé";SP;-24.1155;-49.3393
3515152;"Engenheiro Coelho";SP;-22.4892;-47.2208
5003702;"Dourados";MS;-22.2410;-54.7831
3115474;"Catuti";MG;-15.3612;-42.9607
2202802;"Conceição do Canindé";PI;-7.8781;-41.5958
2706307;"Palmeira dos Índios";AL;-9.4060;-36.6310
2804300;"Muribeca";SE;-10.4227;-36.9567
3302601;"Mangaratiba";RJ;-22.9607;-44.0414
4100301;"Agudos do Sul";PR;-25.9888;-49.3333
2505402;"Desterro";PB;-7.2886;-37.0884
4108601;"Goioerê";PR;-24.1881;-53.0209
3106903;"Bicas";MG;-21.7175;-43.0628
2301950;"Barreira";CE;-4.2873;-38.6395
4312302;"Miraguaí";RS;-27.4968;-53.6849
3515004;"Embu das Artes";SP;-23.6484;-46.8531
3204351;"Rio Bananal";ES;-19.2734;-40.3274
3507605;"Bragança Paulista";SP;-22.9661;-46.5341
1704105;"Centenário";TO;-8.9573;-47.3349
4206702;"Herval d'Oeste";SC;-27.1721;-51.4969
2210953;"Tamboril do Piauí";PI;-8.4008;-42.9119
2202778;"Colônia do Piauí";PI;-7.2285;-42.1828
2911204;"Gandu";BA;-13.7460;-39.4876
2804409;"Neópolis";SE;-10.3163;-36.5774
3156452;"Rosário da Limeira";MG;-20.9797;-42.5105
2927002;"Rio Real";BA;-11.4881;-37.9263
1712405;"Lizarda";TO;-9.5960;-46.6752
4124806;"São João";PR;-25.8231;-52.7288
5207907;"Flores de Goiás";GO;-14.4586;-47.0390
3302700;"Maricá";RJ;-22.9201;-42.8209
2310100;"Palmácia";CE;-4.1476;-38.8470
4100400;"Almirante Tamandaré";PR;-25.3134;-49.2997
4304101;"Campos Borges";RS;-28.8774;-52.9958
2407005;"Luís Gomes";RN;-6.4153;-38.3889
4320578;"Sete de Setembro";RS;-28.1325;-54.4630
3107000;"Biquinhas";MG;-18.7830;-45.5035
2918803;"Laje";BA;-13.1818;-39.4233
2211308;"Valença do Piauí";PI;-6.4022;-41.7355
2903003;"Barra do Mendes";BA;-11.8073;-42.0590
3556107;"Valentim Gentil";SP;-20.4225;-50.0869
1504059;"Mãe do Rio";PA;-2.0543;-47.5456
2105708;"Lago da Pedra";MA;-4.5713;-45.1310
4116604;"Nova América da Colina";PR;-23.3310;-50.7185
2505352;"Damião";PB;-6.6300;-35.9060
2310209;"Paracuru";CE;-3.4089;-39.0299
4108551;"Godoy Moreira";PR;-24.1958;-51.9242
4312385;"Monte Belo do Sul";RS;-29.1633;-51.6354
2301901;"Barbalha";CE;-7.3120;-39.3015
4320552;"Sertão Santana";RS;-30.4613;-51.6034
3514957;"Embaúba";SP;-20.9811;-48.8359
3539608;"Planalto";SP;-21.0336;-49.9274
5208004;"Formosa";GO;-15.5452;-47.3373
4312377;"Monte Alegre dos Campos";RS;-28.6854;-50.7834
2407104;"Macaíba";RN;-5.8599;-35.3560
2513901;"São Bento";PB;-6.4910;-37.4504
2203107;"Cristino Castro";PI;-8.8192;-44.2239
3204302;"Presidente Kennedy";ES;-21.0993;-41.0451
3164704;"São Sebastião do Paraíso";MG;-20.9173;-46.9919
3506904;"Bofete";SP;-23.1029;-48.2582
4108403;"Francisco Beltrão";PR;-26.0802;-53.0554
2302008;"Barro";CE;-7.1788;-38.7793
2903102;"Barra do Rocha";BA;-14.2091;-39.5991
2505709;"Dona Inês";PB;-6.6065;-35.6277
2926301;"Riachão do Jacuípe";BA;-11.8082;-39.3856
4312351;"Montauri";RS;-28.6530;-52.0775
3531407;"Monte Aprazível";SP;-20.7728;-49.7145
2612000;"Sairé";PE;-8.3291;-35.7089
5215504;"Ouvidor";GO;-18.2327;-47.8371
4206751;"Ibiam";SC;-27.1791;-51.2381
3204401;"Rio Novo do Sul";ES;-20.8635;-40.9369
5002951;"Chapadão do Sul";MS;-18.7972;-52.6194
2911253;"Gavião";BA;-11.4746;-39.7830
2203206;"Curimatá";PI;-10.0355;-44.3033
1720499;"São Valério";TO;-11.9683;-48.2333
3115359;"Catas Altas";MG;-20.0749;-43.4077
3156502;"Rubelita";MG;-16.4086;-42.2619
3302502;"Magé";RJ;-22.6569;-43.0386
4100202;"Adrianópolis";PR;-24.6582;-48.9921
3507001;"Boituva";SP;-23.2840;-47.6763
2513984;"São Francisco";PB;-6.6197;-38.0949
2918100;"Jeremoabo";BA;-10.0716;-38.3497
2926400;"Riacho de Santana";BA;-13.6100;-42.9419
3123528;"Durandé";MG;-20.2025;-41.8004
2804706;"Nossa Senhora de Lourdes";SE;-10.0783;-37.0573
2603801;"Capoeiras";PE;-8.7371;-36.6265
3107307;"Bocaiúva";MG;-17.1078;-43.8153
3140001;"Mariana";MG;-20.3782;-43.4180
2911105;"Formosa do Rio Preto";BA;-11.0493;-45.1928
2513968;"São Domingos";PB;-6.8150;-37.9418
2211357;"Várzea Branca";PI;-9.2381;-42.9645
4207106;"Ilhota";SC;-26.9010;-48.8280
3148301;"Paula Cândido";MG;-20.8739;-42.9805
2918209;"Jiquiriçá";BA;-13.2590;-39.5684
4312179;"Mato Queimado";RS;-28.2560;-54.6147
2310001;"Palhano";CE;-4.7476;-37.9622
4320354;"Sentinela do Sul";RS;-30.6119;-51.5804
4304002;"Campo Novo";RS;-27.6757;-53.8055
3115458;"Catuji";MG;-17.3000;-41.5167
2804805;"Nossa Senhora do Socorro";SE;-10.8479;-37.1282
3131802;"Itabirinha";MG;-18.5683;-41.2341
2513943;"São Domingos do Cariri";PB;-7.6330;-36.4313
2902906;"Barra do Choça";BA;-14.8619;-40.5788
3164506;"São Sebastião do Maranhão";MG;-18.0844;-42.5719
3556008;"Urupês";SP;-21.2019;-49.2912
2407401;"Martins";RN;-6.0906;-37.9118
2611804;"Ribeirão";PE;-8.5102;-35.3744
4108452;"Foz do Jordão";PR;-25.7392;-52.1212
4312153;"Mato Leitão";RS;-29.5248;-52.1279
2301802;"Baixio";CE;-6.7310;-38.7178
3204203;"Piúma";ES;-20.8398;-40.7297
2513927;"São Bentinho";PB;-6.8905;-37.7269
4320453;"Sério";RS;-29.3876;-52.2669
5215306;"Orizona";GO;-17.0316;-48.2964
3123601;"Elói Mendes";MG;-21.6100;-45.5661
2203008;"Cristalândia do Piauí";PI;-10.6509;-45.1833
3156304;"Rodeiro";MG;-21.2010;-42.8652
3547809;"Santo André";SP;-23.6573;-46.5330
4215356;"Saltinho";SC;-26.6057;-53.0585
3506805;"Bocaina";SP;-22.1390;-48.5191
3164605;"São Sebastião do Oeste";MG;-20.2747;-45.0031
4312138;"Mato Castelhano";RS;-28.2769;-52.1970
5207253;"Doverlândia";GO;-16.7211;-52.3149
3139300;"Manga";MG;-14.7565;-43.9336
2603603;"Camutanga";PE;-7.4074;-35.2747
2611903;"Rio Formoso";PE;-8.6613;-35.1526
3515350;"Euclides da Cunha Paulista";SP;-22.5618;-52.5943
3540002;"Pompéia";SP;-22.1106;-50.1771
1720804;"Sítio Novo do Tocantins";TO;-5.6028;-47.6403
3115409;"Catas Altas da Noruega";MG;-20.6906;-43.4979
2926202;"Riachão das Neves";BA;-11.7479;-44.9091
4312252;"Minas do Leão";RS;-30.1265;-52.0474
2505600;"Diamante";PB;-7.4263;-38.2668
3556354;"Vargem";SP;-22.8897;-46.4145
5215405;"Ouro Verde de Goiás";GO;-16.2210;-49.1925
3148103;"Patrocínio";MG;-18.9439;-46.9874
3131109;"Inimutaba";MG;-18.7280;-44.3622
3156403;"Romaria";MG;-18.8827;-47.5855
3531803;"Monte Mor";SP;-22.9467;-47.3141
5207352;"Edealina";GO;-17.4231;-49.6647
1503903;"Juruti";PA;-2.1580;-56.0948
2804607;"Nossa Senhora das Dores";SE;-10.4927;-37.1933
3302908;"Miguel Pereira";RJ;-22.4563;-43.4730
4100608;"Alto Paraná";PR;-23.1290;-52.3204
2918001;"Jequié";BA;-13.8725;-40.0730
4320404;"Serafina Corrêa";RS;-28.7110;-51.9331
2603702;"Canhotinho";PE;-8.8816;-36.1909
2705705;"Olho d'Água das Flores";AL;-9.5381;-37.2929
1300029;"Alvarães";AM;-3.2128;-64.8077
4116950;"Nova Esperança do Sudoeste";PR;-25.8989;-53.2631
4215307;"Salete";SC;-26.9758;-50.0023
2105153;"Igarapé do Meio";MA;-3.6408;-45.1847
5100250;"Alta Floresta";MT;-9.8700;-56.0834
3122900;"Dona Euzébia";MG;-21.3154;-42.8119
3148202;"Patrocínio do Muriaé";MG;-21.1531;-42.2130
2301851;"Banabuiú";CE;-5.3121;-38.9175
4312203;"Maximiliano de Almeida";RS;-27.6325;-51.8058
3163904;"São Pedro da União";MG;-21.1276;-46.6152
3523602;"Itirapina";SP;-22.2542;-47.8202
3556305;"Valparaíso";SP;-21.2221;-50.8692
2513851;"Santo André";PB;-7.2192;-36.6310
4117057;"Nova Laranjeiras";PR;-25.3085;-52.5366
1712702;"Mateiros";TO;-10.5460;-46.4182
3204252;"Ponto Belo";ES;-18.1232;-40.5406
3114709;"Carvalhópolis";MG;-21.7782;-45.8432
3123007;"Dores de Campos";MG;-21.1111;-44.0209
3539806;"Poá";SP;-23.5255;-46.3418
2407302;"Marcelino Vieira";RN;-6.2951;-38.1670
3515400;"Fartura";SP;-23.3902;-49.5110
3302858;"Mesquita";RJ;-22.7828;-43.4316
3548104;"Santo Antônio do Jardim";SP;-22.1140;-46.6835
4125209;"São Jorge d'Oeste";PR;-25.7101;-52.9165
2612208;"Salgueiro";PE;-8.0698;-39.1229
3556404;"Vargem Grande do Sul";SP;-21.8290;-46.8908
3155702;"Rio Piracicaba";MG;-19.9296;-43.1738
1720853;"Sucupira";TO;-11.9884;-48.9121
2105104;"Icatu";MA;-2.7763;-44.0656
3204609;"Santa Teresa";ES;-19.9356;-40.5961
3114808;"Carvalhos";MG;-21.9980;-44.4638
2211209;"Uruçuí";PI;-7.2299;-44.5553
3131158;"Ipaba";MG;-19.4117;-42.4197
5108501;"Vera";MT;-12.2953;-55.2946
3531605;"Monte Castelo";SP;-21.3014;-51.5686
3139201;"Malacacheta";MG;-17.8438;-42.0791
3539905;"Poloni";SP;-20.7848;-49.8161
5215702;"Palmeiras de Goiás";GO;-16.8054;-49.9252
5002902;"Cassilândia";MS;-19.1133;-51.7333
2705507;"Murici";AL;-9.3134;-35.9445
1504208;"Marabá";PA;-5.3478;-49.0984
2902252;"Arataca";BA;-15.2598;-39.4137
4117008;"Nova Fátima";PR;-23.4326;-50.5617
2604007;"Carpina";PE;-7.8441;-35.2563
3548203;"Santo Antônio do Pinhal";SP;-22.8255;-45.6620
3147501;"Passabém";MG;-19.3524;-43.1383
4304358;"Candiota";RS;-31.5468;-53.7143
2513802;"Santa Teresinha";PB;-7.0852;-37.4439
5108352;"Vale de São Domingos";MT;-15.2969;-59.0660
2513158;"Santa Cecília";PB;-7.7441;-35.8794
5100300;"Alto Araguaia";MT;-17.3145;-53.2153
3523404;"Itatiba";SP;-23.0059;-46.8389
2407252;"Major Sales";RN;-6.4013;-38.3207
3131000;"Inhaúma";MG;-19.4912;-44.3883
3531704;"Monteiro Lobato";SP;-22.9559;-45.8389
5215801;"Palmelo";GO;-17.3237;-48.4233
5003256;"Costa Rica";MS;-18.5449;-53.1330
1712504;"Marianópolis do Tocantins";TO;-9.7992;-49.6562
4108809;"Guaíra";PR;-24.0821;-54.2552
1504307;"Maracanã";PA;-0.7630;-47.4564
3204559;"Santa Maria de Jetibá";ES;-20.0314;-40.7426
2705606;"Novo Lino";AL;-8.9411;-35.6643
4215208;"Romelândia";SC;-26.6794;-53.3176
4320800;"Soledade";RS;-28.8304;-52.5105
4312625;"Muliterno";RS;-28.3283;-51.7680
3523503;"Itatinga";SP;-23.1032;-48.6150
3122801;"Dom Viçoso";MG;-22.2538;-45.1614
3507159;"Bom Sucesso de Itararé";SP;-24.3194;-49.1477
1720655;"Silvanópolis";TO;-11.1537;-48.1706
2210508;"São Pedro do Piauí";PI;-5.9273;-42.7203
4312617;"Muitos Capões";RS;-28.3158;-51.1846
2910503;"Entre Rios";BA;-11.9461;-38.0865
3172103;"Volta Grande";MG;-21.7699;-42.5395
3556206;"Valinhos";SP;-22.9713;-46.9938
2104909;"Guimarães";MA;-2.1337;-44.6009
2309409;"Novo Oriente";CE;-5.5365;-40.7747
4125001;"São João do Ivaí";PR;-23.9914;-51.8195
5108303;"União do Sul";MT;-11.5305;-54.3688
2210623;"Sebastião Barros";PI;-10.8141;-44.8315
4312609;"Muçum";RS;-29.1665;-51.8714
3539202;"Pirapozinho";SP;-22.2753;-51.4992
2513109;"Salgado de São Félix";PB;-7.3556;-35.4346
3107208;"Bocaina de Minas";MG;-22.1680;-44.3951
4108650;"Goioxim";PR;-25.1981;-51.9927
4207007;"Içara";SC;-28.7141;-49.2995
3114600;"Carrancas";MG;-21.4883;-44.6423
3204658;"São Domingos do Norte";ES;-19.1538;-40.6258
5003207;"Corumbá";MS;-19.0058;-57.6746
4100459;"Altamira do Paraná";PR;-24.7993;-52.7157
3515301;"Estrela do Norte";SP;-22.4871;-51.6606
3139250;"Mamonas";MG;-15.0490;-42.9512
2210607;"São Raimundo Nonato";PI;-9.0147;-42.6888
3548005;"Santo Antônio de Posse";SP;-22.6003;-46.9165
2918357;"João Dourado";BA;-11.3485;-41.6632
2301208;"Aracoiaba";CE;-4.3740;-38.8090
4304408;"Canela";RS;-29.3625;-50.8111
2902302;"Aratuípe";BA;-13.0785;-39.0006
2926657;"Ribeirão do Largo";BA;-15.4594;-40.7408
3531001;"Monções";SP;-20.8508;-50.0922
4125100;"São João do Triunfo";PR;-25.6817;-50.2968
2105005;"Humberto de Campos";MA;-2.5972;-43.4617
2513208;"Santa Cruz";PB;-6.5343;-38.0614
5215603;"Padre Bernardo";GO;-15.1661;-48.2838
4312450;"Morro Redondo";RS;-31.5959;-52.6267
4312443;"Morrinhos do Sul";RS;-29.3684;-49.9332
5108402;"Várzea Grande";MT;-15.6660;-56.1320
4214508;"Rio do Campo";SC;-26.9493;-50.1432
1504109;"Magalhães Barata";PA;-0.7947;-47.5989
5003306;"Coxim";MS;-18.5033;-54.7606
2202406;"Capitão de Campos";PI;-4.4579;-41.9430
2918456;"Jucuruçu";BA;-16.8433;-40.1585
4312427;"Mormaço";RS;-28.6932;-52.6927
3522802;"Itaporanga";SP;-23.7045;-49.4831
4116901;"Nova Esperança";PR;-23.1894;-52.1997
2603900;"Carnaíba";PE;-7.8077;-37.7943
4320602;"Severiano de Almeida";RS;-27.4333;-52.1144
2705903;"Olho d'Água Grande";AL;-10.0572;-36.8141
5100201;"Água Boa";MT;-14.0570;-52.1618
5207535;"Faina";GO;-15.4484;-50.3627
2505006;"Cubati";PB;-6.8652;-36.3515
3106507;"Berilo";MG;-16.9496;-42.4638
2910305;"Elísio Medrado";BA;-12.9443;-39.5210
2414803;"Vera Cruz";RN;-6.0440;-35.4326
3507209;"Borá";SP;-22.2696;-50.5441
4206306;"Guabiruba";SC;-27.0864;-48.9781
2926608;"Ribeira do Pombal";BA;-10.8454;-38.5419
1200807;"Porto Acre";AC;-9.5898;-67.5330
3514601;"Dumont";SP;-21.2387;-47.9742
4108700;"Grandes Rios";PR;-24.1422;-51.5093
1703701;"Brejinho de Nazaré";TO;-11.0134;-48.5648
2309201;"Nova Olinda";CE;-7.0924;-39.6811
4312401;"Montenegro";RS;-29.6892;-51.4606
2804003;"Maruim";SE;-10.7380;-37.0821
4320701;"Sobradinho";RS;-29.4168;-53.0266
4124400;"Santo Antônio do Sudoeste";PR;-26.0716;-53.7259
2210409;"São Miguel do Tapuio";PI;-5.5030;-41.3211
2902104;"Araci";BA;-11.3372;-38.9630
3123205;"Dores do Indaiá";MG;-19.4628;-45.6021
3302809;"Mendes";RJ;-22.5256;-43.7314
2910404;"Encruzilhada";BA;-15.5335;-40.9076
3172004;"Visconde do Rio Branco";MG;-21.0103;-42.8397
4100509;"Altônia";PR;-23.8711;-53.8941
2918407;"Juazeiro";BA;-9.4112;-40.5051
3106606;"Bertópolis";MG;-17.0651;-40.5725
4206405;"Guaraciaba";SC;-26.6000;-53.5216
5207501;"Estrela do Norte";GO;-13.8662;-49.0684
2406601;"Lagoa Salgada";RN;-6.1242;-35.4773
3548054;"Santo Antônio do Aracanguá";SP;-20.9363;-50.4960
2301000;"Aquiraz";CE;-3.9061;-38.3889
2414902;"Viçosa";RN;-5.9945;-37.9445
4116208;"Morretes";PR;-25.4790;-48.8335
4304200;"Candelária";RS;-29.6736;-52.7864
2210391;"São Miguel do Fidalgo";PI;-7.5841;-42.3717
2309300;"Nova Russas";CE;-4.7054;-40.5645
4312500;"Mostardas";RS;-31.1075;-50.9163
4320677;"Sinimbu";RS;-29.5381;-52.5197
2513000;"Salgadinho";PB;-7.1026;-36.8442
5215652;"Palestina de Goiás";GO;-16.7461;-51.5308
2210383;"São Miguel da Baixa Grande";PI;-5.8646;-42.1855
5003108;"Corguinho";MS;-19.8334;-54.8290
2202208;"Campo Maior";PI;-4.8255;-42.1669
2105302;"Imperatriz";MA;-5.5271;-47.4902
3115003;"Cascalho Rico";MG;-18.5767;-47.8755
2902203;"Aramari";BA;-12.0904;-38.4970
3163805;"São Miguel do Anta";MG;-20.7064;-42.7192
2210375;"São Luis do Piauí";PI;-6.8288;-41.3233
2301109;"Aracati";CE;-4.5688;-37.7752
5207600;"Fazenda Nova";GO;-16.1875;-50.7783
4304309;"Cândido Godói";RS;-27.9529;-54.7533
2406700;"Lajes";RN;-5.6977;-36.2419
4108007;"Florestópolis";PR;-22.8665;-51.3900
4320651;"Silveira Martins";RS;-29.6416;-53.5888
4312476;"Morro Reuter";RS;-29.5402;-51.0792
5100508;"Alto Paraguai";MT;-14.5137;-56.4952
2504801;"Coremas";PB;-7.0159;-37.9467
2202307;"Canto do Buriti";PI;-8.1109;-42.9443
3155603;"Rio Pardo de Minas";MG;-15.6157;-42.5459
2105401;"Itapecuru Mirim";MA;-3.3930;-44.3580
2612109;"Salgadinho";PE;-7.9410;-35.6340
2803807;"Malhada dos Bois";SE;-10.3435;-36.9194
3302106;"Itaocara";RJ;-21.6672;-42.0819
2603926;"Carnaubeira da Penha";PE;-8.3189;-38.7433
4311809;"Marau";RS;-28.4489;-52.2001
5100607;"Alto Taquari";MT;-17.8297;-53.2838
2504900;"Cruz do Espírito Santo";PB;-7.1417;-35.0913
3106408;"Belo Vale";MG;-20.4102;-44.0243
1720101;"São Bento do Tocantins";TO;-6.0264;-47.9241
4206207;"Gravatal";SC;-28.3301;-49.0361
3204500;"Santa Leopoldina";ES;-20.0991;-40.5241
3139607;"Mantena";MG;-18.7830;-40.9817
2414704;"Várzea";RN;-6.3468;-35.3761
2926509;"Ribeira do Amparo";BA;-11.0392;-38.4305
4311791;"Maratá";RS;-29.5491;-51.5569
3147402;"Paraopeba";MG;-19.2755;-44.4045
3507100;"Bom Jesus dos Perdões";SP;-23.1362;-46.4651
3514502;"Duartina";SP;-22.4152;-49.4014
1703602;"Brasilândia do Tocantins";TO;-8.3895;-48.4828
2309607;"Pacajus";CE;-4.1724;-38.4661
2910701;"Euclides da Cunha";BA;-10.5021;-39.0100
1503457;"Ipixuna do Pará";PA;-2.5546;-47.4952
4303608;"Cambará do Sul";RS;-29.0481;-50.1455
3302205;"Itaperuna";RJ;-21.2064;-41.8886
2803906;"Malhador";SE;-10.6575;-37.3057
1711902;"Lagoa da Confusão";TO;-10.7897;-49.6212
2105351;"Itaipava do Grajaú";MA;-5.1423;-45.7912
4311775;"Maquiné";RS;-29.6778;-50.2052
5003157;"Coronel Sapucaia";MS;-23.2764;-55.5413
2918308;"Jitaúna";BA;-14.0192;-39.8908
2202251;"Canavieira";PI;-7.6915;-43.7194
3131406;"Ipiaçu";MG;-18.6921;-49.9434
3522653;"Itapirapuã Paulista";SP;-24.5716;-49.1722
5207402;"Edéia";GO;-17.3376;-49.9298
2406502;"Lagoa Nova";RN;-6.0972;-36.4673
2210805;"Simplício Mendes";PI;-7.8605;-41.9102
4311759;"Manoel Viana";RS;-29.5936;-55.4815
2902500;"Baianópolis";BA;-12.3063;-44.5373
2611408;"Primavera";PE;-8.3314;-35.3518
3555604;"Uchoa";SP;-20.9610;-49.1764
2105203;"Igarapé Grande";MA;-4.6620;-44.8542
2301406;"Aratuba";CE;-4.4176;-39.0464
2504850;"Coxixola";PB;-7.6314;-36.6033
5108600;"Vila Rica";MT;-10.0117;-51.1062
3203809;"Muqui";ES;-20.9517;-41.3460
2513406;"Santa Luzia";PB;-6.8695;-36.9186
3539103;"Pirapora do Bom Jesus";SP;-23.3968;-47.0023
3506409;"Bilac";SP;-21.4066;-50.4733
3164209;"São Romão";MG;-16.3688;-45.0700
2202604;"Castelo do Piauí";PI;-5.3222;-41.5490
2603207;"Caetés";PE;-8.7748;-36.6237
3547403;"Santa Rita d'Oeste";SP;-20.1444;-50.8301
2910776;"Feira da Mata";BA;-14.2114;-44.2820
5100409;"Alto Garças";MT;-16.9432;-53.5315
2611507;"Quipapá";PE;-8.8291;-36.0135
4107900;"Floresta";PR;-23.6160;-52.0832
3139409;"Manhuaçu";MG;-20.2568;-42.0338
2301505;"Arneiroz";CE;-6.3234;-40.1607
2505204;"Cuitegi";PB;-6.8977;-35.5243
3203908;"Nova Venécia";ES;-18.7099;-40.4001
5215009;"Nova Veneza";GO;-16.3709;-49.3212
3530904;"Mombuca";SP;-22.9293;-47.5663
4303673;"Campestre da Serra";RS;-28.7993;-51.0938
2414753;"Venha-Ver";RN;-6.3223;-38.4892
4116059;"Missal";PR;-25.0908;-54.2490
3156007;"Rio Vermelho";MG;-18.2933;-43.0082
3302007;"Itaguaí";RJ;-22.8642;-43.7775
1703909;"Caseara";TO;-9.2737;-49.9601
1503507;"Irituia";PA;-1.7711;-47.4373
4320008;"Sapucaia do Sul";RS;-29.8269;-51.1563
3131208;"Ipanema";MG;-19.8008;-41.7143
1720002;"Santa Terezinha do Tocantins";TO;-6.4355;-47.6721
2910750;"Fátima";BA;-10.5972;-38.2111
2513356;"Santa Inês";PB;-7.6271;-38.5593
3139508;"Manhumirim";MG;-20.3506;-41.9596
2925808;"Queimadas";BA;-10.9789;-39.6237
1703891;"Carrasco Bonito";TO;-5.3212;-48.0363
2603306;"Calçado";PE;-8.7420;-36.3385
4214409;"Rio das Antas";SC;-26.8995;-51.0757
3522703;"Itápolis";SP;-21.5970;-48.8096
2804201;"Monte Alegre de Sergipe";SE;-10.0281;-37.5620
1703883;"Carmolândia";TO;-7.0355;-48.3962
3147808;"Passa Vinte";MG;-22.2101;-44.2345
3106804;"Bias Fortes";MG;-21.6062;-43.7569
5100359;"Alto Boa Vista";MT;-11.6749;-51.3767
2910727;"Eunápolis";BA;-16.3650;-39.5906
2309508;"Orós";CE;-6.2423;-38.9135
1711803;"Juarina";TO;-8.1189;-49.0993
3555406;"Ubatuba";SP;-23.4330;-45.0782
3172202;"Wenceslau Braz";MG;-22.5353;-45.3615
2705804;"Olho d'Água do Casado";AL;-9.5023;-37.8329
5214838;"Nova Crixás";GO;-14.0972;-50.3397
3131307;"Ipatinga";MG;-19.4792;-42.5278
4107850;"Flor da Serra do Sul";PR;-26.2592;-53.3116
2505279;"Curral de Cima";PB;-6.7183;-35.2667
2406908;"Lucrécia";RN;-6.1172;-37.8123
2301307;"Araripe";CE;-7.2119;-40.1362
2902401;"Aurelino Leal";BA;-14.3133;-39.3303
3164001;"São Pedro dos Ferros";MG;-20.1695;-42.5224
2611309;"Pombos";PE;-8.1406;-35.3972
3555505;"Ubirajara";SP;-22.5275;-49.6633
3539400;"Piratininga";SP;-22.4104;-49.1344
2202653;"Caxingó";PI;-3.4226;-41.8913
4124301;"Santo Antônio do Paraíso";PR;-23.4940;-50.6437
5214804;"Nova Aurora";GO;-18.0584;-48.2548
3123106;"Dores de Guanhães";MG;-19.0585;-42.9285
4311643;"Linha Nova";RS;-29.4680;-51.1971
3203700;"Muniz Freire";ES;-20.4641;-41.4128
3531209;"Monte Alegre do Sul";SP;-22.6885;-46.6786
1503309;"Igarapé-Miri";PA;-1.9727;-48.9623
3539509;"Pitangueiras";SP;-21.0104;-48.2199
3302056;"Italva";RJ;-21.4219;-41.6910
4116109;"Moreira Sales";PR;-24.0492;-53.0106
3155801;"Rio Pomba";MG;-21.2749;-43.1798
2603108;"Cachoeirinha";PE;-8.4899;-36.2365
3547304;"Santana de Parnaíba";SP;-23.4459;-46.9141
2309458;"Ocara";CE;-4.4904;-38.6011
3506300;"Bernardino de Campos";SP;-23.0129;-49.4748
3164100;"São Pedro do Suaçuí";MG;-18.3643;-42.6009
4311627;"Lindolfo Collor";RS;-29.5918;-51.2137
1720309;"São Sebastião do Tocantins";TO;-5.2583;-48.2010
2505238;"Cuité de Mamanguape";PB;-6.9121;-35.2483
3114907;"Casa Grande";MG;-20.7937;-43.9300
3147006;"Paracatu";MG;-17.2380;-46.8932
5214903;"Nova Roma";GO;-13.7408;-46.8802
5107958;"Tangará da Serra";MT;-14.6068;-57.4706
2104552;"Governador Edison Lobão";MA;-5.7481;-47.3635
2705101;"Matriz de Camaragibe";AL;-9.1583;-35.5344
2210656;"Sigefredo Pacheco";PI;-4.9163;-41.7352
3531308;"Monte Alto";SP;-21.2612;-48.4962
3147600;"Passa Quatro";MG;-22.3900;-44.9671
1503408;"Inhangapi";PA;-1.4308;-47.9101
1703800;"Buriti do Tocantins";TO;-5.3165;-48.2263
2301257;"Ararendá";CE;-4.7507;-40.8303
3138807;"Luz";MG;-19.8011;-45.6859
4206652;"Guatambú";SC;-27.1332;-52.7878
3155900;"Rio Preto";MG;-22.0905;-43.8281
4311734;"Mampituba";RS;-29.2138;-49.9364
5107941;"Tabaporã";MT;-11.3069;-56.8223
4303558;"Camargo";RS;-28.5872;-52.2078
3302403;"Macaé";RJ;-22.3746;-41.7766
5214879;"Nova Iguaçu de Goiás";GO;-14.2880;-49.3905
4319901;"Sapiranga";RS;-29.6385;-51.0039
1200385;"Plácido de Castro";AC;-10.3367;-67.1847
2804102;"Moita Bonita";SE;-10.5797;-37.3424
3547650;"Santa Salete";SP;-20.2464;-50.6875
2210631;"Sebastião Leal";PI;-7.5677;-44.0644
2202455;"Capitão Gervásio Oliveira";PI;-8.4977;-41.8169
3147709;"Passa Tempo";MG;-20.6514;-44.4958
2705200;"Messias";AL;-9.3948;-35.8396
3523107;"Itaquaquecetuba";SP;-23.4855;-46.3521
5107925;"Sorriso";MT;-12.5453;-55.7275
4311718;"Maçambará";RS;-29.1473;-56.0674
4214805;"Rio do Sul";SC;-27.2153;-49.6432
3514924;"Elisiário";SP;-21.1666;-49.1105
3130606;"Inconfidentes";MG;-22.3175;-46.3281
5214861;"Nova Glória";GO;-15.1482;-49.5774
4311700;"Machadinho";RS;-27.5697;-51.6672
3555802;"Urânia";SP;-20.2436;-50.6448
2112803;"Viana";MA;-3.2184;-45.0027
5215231;"Novo Gama";GO;-16.0543;-48.0363
3506359;"Bertioga";SP;-23.8467;-46.1418
2104628;"Governador Luiz Rocha";MA;-5.4702;-44.0704
1200351;"Marechal Thaumaturgo";AC;-8.9427;-72.7909
3514908;"Elias Fausto";SP;-23.0428;-47.3731
4206603;"Guarujá do Sul";SC;-26.3855;-53.5288
2910602;"Esplanada";BA;-11.8005;-37.9451
5206800;"Damolândia";GO;-16.2533;-49.3648
3539301;"Pirassununga";SP;-21.9952;-47.4236
2202554;"Caridade do Piauí";PI;-7.7328;-40.9891
4303509;"Camaquã";RS;-30.8514;-51.8129
3122405;"Divisa Nova";MG;-21.5122;-46.1943
4124707;"São Jerônimo da Serra";PR;-23.7287;-50.7408
1703867;"Cariri do Tocantins";TO;-11.8898;-49.1614
1200336;"Mâncio Lima";AC;-7.6079;-72.9063
2202539;"Caraúbas do Piauí";PI;-3.4760;-41.8439
3547601;"Santa Rosa de Viterbo";SP;-21.4795;-47.3621
2611705;"Riacho das Almas";PE;-8.1383;-35.8594
3106655;"Berizal";MG;-15.6130;-41.7414
3555901;"Uru";SP;-21.7840;-49.2815
5215207;"Novo Brasil";GO;-16.0337;-50.7127
1200328;"Jordão";AC;-9.1943;-71.9497
5002407;"Caarapó";MS;-22.6348;-54.8241
4320230;"Sede Nova";RS;-27.6323;-53.9468
4312054;"Marques de Souza";RS;-29.3278;-52.0950
5108006;"Tapurah";MT;-12.7422;-56.5135
2104602;"Governador Eugênio Barros";MA;-5.3178;-44.2442
2210706;"Simões";PI;-7.5954;-40.8196
3531100;"Mongaguá";SP;-24.0948;-46.6182
1200450;"Senador Guiomard";AC;-10.1553;-67.7375
2513307;"Santa Helena";PB;-6.7219;-38.6405
1712157;"Lavandeira";TO;-12.7904;-46.5072
2210052;"São José do Divino";PI;-3.8108;-41.8329
1503705;"Itupiranga";PA;-5.1345;-49.3281
2925758;"Presidente Tancredo Neves";BA;-13.4545;-39.4241
3302452;"Macuco";RJ;-21.9869;-42.2545
4116505;"Nova Aliança do Ivaí";PR;-23.1745;-52.6031
1703842;"Campos Lindos";TO;-7.9683;-46.8054
2603504;"Camocim de São Félix";PE;-8.3616;-35.7634
3547700;"Santo Anastácio";SP;-21.9733;-51.6542
4214607;"Rio do Oeste";SC;-27.1894;-49.8080
4320206;"Seberi";RS;-27.4829;-53.4018
2705002;"Mata Grande";AL;-9.1189;-37.7314
1200427;"Rodrigues Alves";AC;-7.7381;-72.6536
4108320;"Francisco Alves";PR;-24.0692;-53.8448
2202505;"Caracol";PI;-9.2801;-43.3284
3522901;"Itapuí";SP;-22.2346;-48.7196
4320321;"Senador Salgado Filho";RS;-28.0280;-54.5425
3130655;"Indaiabira";MG;-15.4925;-42.1977
1703826;"Cachoeirinha";TO;-6.1149;-47.9175
2308807;"Moraújo";CE;-3.4669;-40.6779
2505105;"Cuité";PB;-6.4855;-36.1520
2909901;"Curaçá";BA;-8.9909;-39.9091
4108304;"Foz do Iguaçu";PR;-25.5468;-54.5884
2112605;"Urbano Santos";MA;-3.2082;-43.4050
1503804;"Jacundá";PA;-4.4476;-49.1122
4320305;"Selbach";RS;-28.6301;-52.9526
3122470;"Dom Bosco";MG;-16.6477;-46.2654
3523008;"Itapura";SP;-20.6468;-51.5100
4214706;"Rio dos Cedros";SC;-26.7410;-49.2719
1200401;"Rio Branco";AC;-9.9724;-67.8101
5206602;"Cumari";GO;-18.2663;-48.1492
3204054;"Pedro Canário";ES;-18.3060;-39.9552
3514700;"Echaporã";SP;-22.4298;-50.2023
2910008;"Dário Meira";BA;-14.4336;-39.9035
3138682;"Luislândia";MG;-16.1194;-44.5837
4124509;"Santo Inácio";PR;-22.7018;-51.7945
2210003;"São João do Piauí";PI;-8.3593;-42.2471
3555703;"União Paulista";SP;-20.8869;-49.8965
1200393;"Porto Walter";AC;-8.2667;-72.7425
2925709;"Presidente Jânio Quadros";BA;-14.6886;-41.6783
4100103;"Abatiá";PR;-23.3022;-50.3119
3122454;"Divisópolis";MG;-15.7257;-41.0014
2104404;"Gonçalves Dias";MA;-5.1554;-44.3004
3138674;"Luisburgo";MG;-20.4389;-42.1017
1720150;"São Félix do Tocantins";TO;-10.1609;-46.6660
2112704;"Vargem Grande";MA;-3.5422;-43.9176
2308906;"Morrinhos";CE;-3.2286;-40.1261
4312104;"Mata";RS;-29.5645;-54.4541
1200252;"Epitaciolândia";AC;-11.0302;-68.7384
5107800;"Santo Antônio de Leverger";MT;-15.8635;-56.0785
2415008;"Vila Flor";RN;-6.3168;-35.0763
3302270;"Japeri";RJ;-22.6446;-43.6557
2512606;"Quixaba";PB;-7.0310;-37.1479
3106705;"Betim";MG;-19.9697;-44.2075
5215256;"Novo Planalto";GO;-13.2422;-49.5035
3514809;"Eldorado";SP;-24.5217;-48.1097
4206504;"Guaramirim";SC;-26.4725;-48.9947
1720259;"São Salvador do Tocantins";TO;-12.7496;-48.2385
5107792;"Santo Antônio do Leste";MT;-14.8056;-53.6088
5206701;"Damianópolis";GO;-14.5613;-46.1753
3138658;"Lontra";MG;-15.9033;-44.3029
4116307;"Munhoz de Melo";PR;-23.1468;-51.7714
2901809;"Antônio Gonçalves";BA;-10.5690;-40.2732
3122306;"Divinópolis";MG;-20.1703;-44.9109
4320263;"Segredo";RS;-29.3418;-52.9795
5002704;"Campo Grande";MS;-20.4626;-54.6086
1711951;"Lagoa do Tocantins";TO;-10.2964;-47.5624
4124608;"São Carlos do Ivaí";PR;-23.3177;-52.4742
2201804;"Bocaina";PI;-6.9458;-41.3217
3302254;"Itatiaia";RJ;-22.4975;-44.5644
3547502;"Santa Rita do Passa Quatro";SP;-21.7124;-47.4786
5107909;"Sinop";MT;-11.8573;-55.5083
2104503;"Governador Archer";MA;-5.0231;-44.2698
2300705;"Alto Santo";CE;-5.5210;-38.2711
2210102;"São José do Peixe";PI;-7.4941;-42.5643
4303905;"Campo Bom";RS;-29.6820;-51.0587
1503754;"Jacareacanga";PA;-6.2221;-57.7564
2201919;"Bom Princípio do Piauí";PI;-3.1891;-41.6378
2406809;"Lajes Pintadas";RN;-6.1487;-36.1166
2504405;"Conceição";PB;-7.5601;-38.5024
3171600;"Virgem da Lapa";MG;-16.8039;-42.3431
2512705;"Remígio";PB;-6.9657;-35.7953
3522307;"Itapetininga";SP;-23.5872;-48.0477
4214003;"Presidente Getúlio";SC;-27.0468;-49.6232
5002803;"Caracol";MS;-22.0180;-57.0288
4320107;"Sarandi";RS;-27.9435;-52.9216
2201903;"Bom Jesus";PI;-9.0723;-44.3598
4108106;"Flórida";PR;-23.0864;-51.9552
5107883;"Serra Nova Dourada";MT;-12.0917;-51.3989
1503606;"Itaituba";PA;-4.2775;-55.9873
4116406;"Nossa Senhora das Graças";PR;-22.9145;-51.7962
3163409;"São José do Goiabal";MG;-19.9256;-42.7077
1200203;"Cruzeiro do Sul";AC;-7.6345;-72.6665
2705408;"Monteirópolis";AL;-9.6041;-37.2484
5107875;"Sapezal";MT;-13.5475;-58.8169
2504504;"Condado";PB;-6.9108;-37.6025
2803401;"Japoatã";SE;-10.3472;-36.8006
3204104;"Pinheiros";ES;-18.4110;-40.2144
3146909;"Papagaios";MG;-19.4490;-44.7477
2414308;"Timbaúba dos Batistas";RN;-6.4651;-37.2744
3130556;"Imbé de Minas";MG;-19.5978;-41.9699
4205803;"Garuva";SC;-26.0290;-48.8557
2308708;"Morada Nova";CE;-5.1122;-38.3682
4311908;"Marcelino Ramos";RS;-27.4626;-51.9081
5107859;"São Félix do Araguaia";MT;-11.6167;-50.6623
2909802;"Cruz das Almas";BA;-12.6771;-39.1074
3514106;"Dois Córregos";SP;-22.3687;-48.3842
3155207;"Rio Espera";MG;-20.8564;-43.4741
3506706;"Boa Esperança do Sul";SP;-21.9924;-48.3910
1720200;"São Miguel do Tocantins";TO;-5.5530;-47.5773
1703206;"Bernardo Sayão";TO;-7.8790;-48.8927
4108205;"Formosa do Oeste";PR;-24.2942;-53.3115
3114204;"Carmo do Cajuru";MG;-20.1870;-44.7698
4123907;"Santa Mariana";PR;-23.1464;-50.5133
2113009;"Vitorino Freire";MA;-4.2937;-45.2462
1200302;"Feijó";AC;-8.1657;-70.3545
2803500;"Lagarto";SE;-10.9142;-37.6714
3138708;"Luminárias";MG;-21.5115;-44.9044
3122355;"Divisa Alegre";MG;-15.7257;-41.3463
1712009;"Lajeado";TO;-9.7529;-48.3569
2300507;"Alcântaras";CE;-3.5873;-40.5443
2209906;"São João da Serra";PI;-5.5153;-41.8985
2406106;"Jucurutu";RN;-6.0357;-37.0221
4303707;"Campina das Missões";RS;-27.9901;-54.8395
2901601;"Antas";BA;-10.4113;-38.3296
3302304;"Laje do Muriaé";RJ;-21.2068;-42.1219
2611533;"Quixaba";PE;-7.7192;-37.8603
2512507;"Queimadas";PB;-7.3623;-35.9001
3114303;"Carmo do Paranaíba";MG;-18.9972;-46.3166
4312005;"Mariano Moro";RS;-27.3558;-52.1470
3171402;"Vieiras";MG;-20.8624;-42.2454
3106002;"Bela Vista de Minas";MG;-19.8285;-43.0974
4115705;"Matinhos";PR;-25.8213;-48.5404
2926103;"Retirolândia";BA;-11.4943;-39.4272
3130507;"Ilicínea";MG;-20.9380;-45.8268
5108204;"Torixoréu";MT;-16.2054;-52.5595
2104800;"Grajaú";MA;-5.8169;-46.1433
4107520;"Esperança Nova";PR;-23.7262;-53.8121
5002605;"Camapuã";MS;-19.5336;-54.0417
2201705;"Bertolínia";PI;-7.6379;-43.9551
3538709;"Piracicaba";SP;-22.7288;-47.6646
5207105;"Diorama";GO;-16.2361;-51.2591
2406205;"Lagoa d'Anta";RN;-6.3937;-35.5958
2901700;"Antônio Cardoso";BA;-12.4356;-39.1207
2209872;"São João da Fronteira";PI;-3.9422;-41.2588
4311981;"Mariana Pimentel";RS;-30.3538;-51.5842
2300606;"Altaneira";CE;-6.9995;-39.7395
4303806;"Campinas do Sul";RS;-27.7156;-52.6267
2925956;"Rafael Jambeiro";BA;-12.4052;-39.5033
2603454;"Camaragibe";PE;-8.0226;-34.9924
2504306;"Catolé do Rocha";PB;-6.3430;-37.7460
4123857;"Santa Maria do Oeste";PR;-24.9404;-51.8656
4107504;"Engenheiro Beltrão";PR;-23.7972;-52.2591
3106101;"Belmiro Braga";MG;-21.9510;-43.4171
3171501;"Mathias Lobato";MG;-18.5737;-41.9156
3506508;"Birigui";SP;-21.2918;-50.3401
1703008;"Babaçulândia";TO;-7.2028;-47.7595
3530508;"Mococa";SP;-21.4689;-47.0042
2209971;"São João do Arraial";PI;-3.8157;-42.4471
2925931;"Quixabeira";BA;-11.4110;-40.1280
2611606;"Recife";PE;-8.0632;-34.8711
3301603;"Duas Barras";RJ;-22.0520;-42.5210
3163300;"São José do Divino";MG;-18.4823;-41.3903
4123956;"Santa Mônica";PR;-23.1091;-53.1084
1200609;"Tarauacá";AC;-8.1599;-70.7646
2803302;"Japaratuba";SE;-10.5935;-36.9411
3204005;"Pancas";ES;-19.2238;-40.8493
2414209;"Tibau do Sul";RN;-6.1870;-35.0918
3506607;"Biritiba Mirim";SP;-23.5731;-46.0396
1703107;"Barrolândia";TO;-9.8347;-48.7240
2209955;"São João da Varjota";PI;-6.9158;-41.8643
2406155;"Jundiá";RN;-6.2693;-35.3281
5100102;"Acorizal";MT;-15.1929;-56.3716
3155108;"Rio do Prado";MG;-16.6096;-40.5705
3114105;"Carmo de Minas";MG;-22.1233;-45.1315
2925907;"Quijingue";BA;-10.7534;-39.2083
2603405;"Calumbi";PE;-7.9402;-38.1509
3147303;"Paraisópolis";MG;-22.5495;-45.7802
2910206;"Dom Macedo Costa";BA;-12.9065;-39.1915
2201770;"Boa Hora";PI;-4.4095;-42.1246
4303103;"Cachoeirinha";RS;-29.9475;-51.0922
1200708;"Xapuri";AC;-10.6525;-68.5059
2406007;"José da Penha";RN;-6.3199;-38.2855
1502954;"Eldorado do Carajás";PA;-6.1032;-49.3719
4115754;"Mauá da Serra";PR;-23.8980;-51.2255
5206909;"Davinópolis";GO;-18.1537;-47.5625
3301702;"Duque de Caxias";RJ;-22.7859;-43.3110
2112902;"Vitória do Mearim";MA;-3.4658;-44.8724
2309102;"Mulungu";CE;-4.3042;-38.9951
3522158;"Itaoca";SP;-24.6394;-48.8419
1502939;"Dom Eliseu";PA;-4.2990;-47.5557
4115739;"Mato Rico";PR;-24.7054;-52.1464
3105905;"Barroso";MG;-21.1871;-43.9772
4311270;"Lagoa dos Três Cantos";RS;-28.5716;-52.8543
2902005;"Aracatu";BA;-14.4293;-41.4593
3203320;"Marataízes";ES;-21.0231;-40.8159
1703073;"Barra do Ouro";TO;-7.7128;-47.6747
2504355;"Caturité";PB;-7.4194;-36.0202
3555109;"Tupi Paulista";SP;-21.3862;-51.5760
3171808;"Virginópolis";MG;-18.8233;-42.7046
2201739;"Betânia do Piauí";PI;-8.1462;-40.7971
2210300;"São Julião";PI;-7.0833;-40.8378
2300903;"Apuiarés";CE;-3.9458;-39.4294
2926004;"Remanso";BA;-9.6254;-42.0808
3139102;"Madre de Deus de Minas";MG;-21.4823;-44.3304
2414159;"Tenente Laurentino Cruz";RN;-6.1470;-36.7185
2610905;"Pesqueira";PE;-8.3591;-36.7014
4107553;"Farol";PR;-24.0989;-52.6262
5214408;"Nazário";GO;-16.5822;-49.8822
2104701;"Graça Aranha";MA;-5.4092;-44.3305
4311254;"Lagoão";RS;-29.2230;-52.7742
2202117;"Campo Alegre do Fidalgo";PI;-8.3769;-41.8362
3203304;"Mantenópolis";ES;-18.8625;-41.1224
1703057;"Bandeirantes do Tocantins";TO;-7.7623;-48.5767
4107546;"Espigão Alto do Iguaçu";PR;-25.4232;-52.8353
1503044;"Floresta do Araguaia";PA;-7.5627;-49.7058
4311239;"Lagoa Bonita do Sul";RS;-29.4898;-53.0179
3538600;"Piracaia";SP;-23.0553;-46.3558
2202109;"Campinas do Piauí";PI;-7.6603;-41.8809
3130903;"Inhapim";MG;-19.5503;-42.1221
4107538;"Entre Rios do Oeste";PR;-24.7056;-54.2428
3163607;"São José do Mantimento";MG;-20.0034;-41.7463
3505906;"Batatais";SP;-20.8894;-47.5853
3171907;"Virgolândia";MG;-18.4755;-42.3076
2602704;"Buenos Aires";PE;-7.7245;-35.3261
2112852;"Vila Nova dos Martírios";MA;-5.1856;-48.1361
3546900;"Santa Lúcia";SP;-21.6850;-48.0840
2104677;"Governador Nunes Freire";MA;-2.1299;-45.8881
2202091;"Caldeirão Grande do Piauí";PI;-7.3339;-40.6377
5214507;"Nerópolis";GO;-16.4069;-49.2164
3530409;"Mirassolândia";SP;-20.6170;-49.4644
2611002;"Petrolândia";PE;-8.9802;-38.2184
2933505;"Wenceslau Guimarães";BA;-13.6875;-39.4787
2504702;"Congo";PB;-7.7964;-36.6598
2202083;"Cajueiro da Praia";PI;-2.9303;-41.3420
3147105;"Pará de Minas";MG;-19.8597;-44.6077
3301504;"Cordeiro";RJ;-22.0271;-42.3615
2202075;"Cajazeiras do Piauí";PI;-6.7981;-42.3912
5108055;"Terra Nova do Norte";MT;-10.5984;-55.1221
3122702;"Dom Silvério";MG;-20.1608;-42.9679
2104651;"Governador Newton Bello";MA;-3.4259;-45.6700
2803708;"Macambira";SE;-10.6670;-37.5399
3155405;"Rio Novo";MG;-21.4759;-43.1256
2602803;"Buíque";PE;-8.6236;-37.1557
4319505;"São Sebastião do Caí";RS;-29.5894;-51.3758
3163706;"São Lourenço";MG;-22.1138;-45.0521
1503002;"Faro";PA;-2.1744;-56.7467
2925303;"Porto Seguro";BA;-16.4504;-39.0673
3522208;"Itapecerica da Serra";SP;-23.7176;-46.8496
2202059;"Cabeceiras do Piauí";PI;-4.4733;-42.3096
4213906;"Presidente Castello Branco";SC;-27.2222;-51.8100
2210359;"São Lourenço do Piauí";PI;-9.1667;-42.5466
3138906;"Machacalis";MG;-17.0784;-40.7180
4319364;"São Pedro das Missões";RS;-27.7738;-53.2461
3147204;"Paraguaçu";MG;-21.5479;-45.7370
3554904;"Três Fronteiras";SP;-20.2399;-50.8908
2705309;"Minador do Negrão";AL;-9.3064;-36.8658
2902054;"Araçás";BA;-12.2124;-38.1999
4319356;"São Pedro da Serra";RS;-29.4196;-51.5125
3155504;"Rio Paranaíba";MG;-19.1963;-46.2411
4123824;"Santa Lúcia";PR;-25.4081;-53.5674
4311304;"Lagoa Vermelha";RS;-28.2084;-51.5276
2202174;"Campo Largo do Piauí";PI;-3.8118;-42.6300
3114501;"Carmópolis de Minas";MG;-20.5416;-44.6352
2933455;"Wanderley";BA;-12.1244;-43.8933
3514007;"Dobrada";SP;-21.5164;-48.3947
4205704;"Garopaba";SC;-28.0237;-48.6135
3203353;"Marilândia";ES;-19.4109;-40.5434
3130705;"Indianópolis";MG;-19.0396;-47.9176
3538907;"Pirajuí";SP;-21.9945;-49.4585
3139003;"Machado";MG;-21.6799;-45.9191
2406403;"Lagoa de Velhos";RN;-6.0023;-35.8689
4123808;"Santa Izabel do Oeste";PR;-25.8180;-53.4843
3106309;"Belo Oriente";MG;-19.2221;-42.4834
3171709;"Virgínia";MG;-22.3334;-45.0932
4311155;"Jóia";RS;-28.6475;-54.1218
3203346;"Marechal Floriano";ES;-20.4101;-40.6747
2300804;"Antonina do Norte";CE;-6.7740;-39.9867
3546702;"Santa Gertrudes";SP;-22.4556;-47.5248
3555000;"Tupã";SP;-21.9346;-50.5128
2610806;"Pedra";PE;-8.5006;-36.9463
3203205;"Linhares";ES;-19.3989;-40.0653
3122504;"Dom Cavati";MG;-19.3751;-42.1073
2910057;"Dias d'Ávila";BA;-12.6080;-38.3103
3130804;"Ingaí";MG;-21.4019;-44.9181
2202133;"Campo Grande do Piauí";PI;-7.1343;-41.0389
4319307;"São Paulo das Missões";RS;-28.0225;-54.9376
3163508;"São José do Jacuri";MG;-18.2768;-42.6714
3530706;"Mogi Guaçu";SP;-22.3687;-46.9444
3539004;"Pirangi";SP;-21.0917;-48.6585
1502806;"Curralinho";PA;-1.8141;-49.7978
4115606;"Matelândia";PR;-25.2399;-53.9783
2602605;"Brejo da Madre de Deus";PE;-8.1458;-36.3706
5002001;"Batayporã";MS;-22.2955;-53.2672
3546801;"Santa Isabel";SP;-23.3203;-46.2290
5108105;"Tesouro";MT;-16.0798;-53.5545
4311130;"Jari";RS;-29.2897;-54.2217
2512903;"Rio Tinto";PB;-6.8107;-35.0756
2201988;"Brejo do Piauí";PI;-8.2069;-42.8340
2112233;"Trizidela do Vale";MA;-4.5693;-44.6277
2104057;"Estreito";MA;-6.5596;-47.4393
4311122;"Jaquirana";RS;-28.8835;-50.3607
3122603;"Dom Joaquim";MG;-18.9677;-43.2554
3522505;"Itapevi";SP;-23.5486;-46.9345
3203163;"Laranja da Terra";ES;-19.8987;-41.0575
4107405;"Enéas Marques";PR;-25.9441;-53.1634
3530805;"Mogi Mirim";SP;-22.4318;-46.9574
3554953;"Tuiuti";SP;-22.8143;-46.6950
2512762;"Riachão do Poço";PB;-7.1466;-35.2642
1502905;"Curuçá";PA;-0.7298;-47.8490
2300754;"Amontada";CE;-3.3608;-39.8271
3155306;"Rio Manso";MG;-20.2661;-44.3086
4319406;"São Pedro do Sul";RS;-29.6224;-54.1748
2112209;"Timon";MA;-5.0987;-42.8246
3138302;"Leandro Ferreira";MG;-19.7174;-45.0248
2512754;"Riachão do Bacamarte";PB;-7.2500;-35.6631
2512747;"Riachão";PB;-6.5410;-35.6597
3114550;"Carneirinho";MG;-19.6983;-50.6938
2201960;"Brasileira";PI;-4.1333;-41.7810
2704609;"Maravilha";AL;-9.2323;-37.3492
2901957;"Apuarema";BA;-13.8572;-39.7444
3522604;"Itapira";SP;-22.4393;-46.8220
4214300;"Rancho Queimado";SC;-27.6728;-49.0125
3555307;"Turmalina";SP;-20.0521;-50.4764
2201945;"Boqueirão do Piauí";PI;-4.4871;-42.1173
4311205;"Júlio de Castilhos";RS;-29.2287;-53.6832
4124103;"Santo Antônio da Platina";PR;-23.2922;-50.0741
3130101;"Igarapé";MG;-20.0706;-44.3026
2104008;"Esperantinópolis";MA;-4.8765;-44.8826
4107751;"Figueira";PR;-23.8504;-50.4025
3301876;"Iguaba Grande";RJ;-22.8407;-42.2124
2112308;"Tuntum";MA;-5.2577;-44.6475
4319372;"São Pedro do Butiá";RS;-28.1241;-54.8977
5107404;"São Pedro da Cipa";MT;-16.0015;-54.9181
2512721;"Pedro Régis";PB;-6.6382;-35.2912
2910107;"Dom Basílio";BA;-13.7599;-41.7720
3538808;"Piraju";SP;-23.1938;-49.3836
4206108;"Grão-Pará";SC;-28.1874;-49.2131
2704708;"Marechal Deodoro";AL;-9.7184;-35.8938
2201929;"Bonfim do Piauí";PI;-9.1664;-42.8727
2414605;"Upanema";RN;-5.6410;-37.2580
5206305;"Cristianópolis";GO;-17.1983;-48.7051
3514403;"Dracena";SP;-21.4856;-51.5340
1502855;"Curuá";PA;-1.8885;-55.1192
2309003;"Mucambo";CE;-3.9030;-40.7429
4107736;"Fernandes Pinheiro";PR;-25.4103;-50.5488
4303004;"Cachoeira do Sul";RS;-30.0485;-52.8890
3146552;"Pai Pedro";MG;-15.5340;-43.0672
4319737;"São Valério do Sul";RS;-27.7864;-53.9344
3121902;"Divinésia";MG;-20.9904;-43.0036
3547106;"Santa Mercedes";SP;-21.3521;-51.7513
2104107;"Fortaleza dos Nogueiras";MA;-6.9651;-46.1704
2308351;"Milhã";CE;-5.6765;-39.1939
3301850;"Guapimirim";RJ;-22.5301;-42.9857
2901908;"Aporá";BA;-11.6600;-38.0795
3530607;"Mogi das Cruzes";SP;-23.5192;-46.1854
2611200;"Poção";PE;-8.1863;-36.7036
4124202;"Santo Antônio do Caiuá";PR;-22.7348;-52.3437
2414456;"Triunfo Potiguar";RN;-5.8655;-37.1880
2104099;"Formosa da Serra Negra";MA;-6.4421;-46.1907
3171071;"Veredinha";MG;-17.3951;-42.7380
5214705;"Nova América";GO;-15.0223;-49.8944
5001904;"Bataguassu";MS;-21.7186;-52.4217
2112274;"Tufilândia";MA;-3.6716;-45.6357
2210201;"São José do Piauí";PI;-6.8723;-41.4773
2202026;"Buriti dos Montes";PI;-5.3120;-41.0981
4319711;"São Valentim do Sul";RS;-29.0496;-51.7643
3138351;"Leme do Prado";MG;-17.0815;-42.6954
2512804;"Riacho dos Cavalos";PB;-6.4358;-37.6522
2603009;"Cabrobó";PE;-8.5141;-39.3105
3547205;"Santana da Ponte Pensa";SP;-20.2541;-50.7992
4319703;"São Valentim";RS;-27.5553;-52.5262
4116000;"Miraselva";PR;-22.9682;-51.4832
1503200;"Igarapé-Açu";PA;-1.1279;-47.6244
2925253;"Ponto Novo";BA;-10.8649;-40.1342
2104081;"Fernando Falcão";MA;-6.1508;-44.9011
3505807;"Bastos";SP;-21.9211;-50.7323
2300150;"Acarape";CE;-4.2242;-38.7047
3522406;"Itapeva";SP;-23.9870;-48.8764
2104073;"Feira Nova do Maranhão";MA;-6.9626;-46.6831
1101559;"Teixeirópolis";RO;-10.9336;-62.2553
2512788;"Riacho de Santo Antônio";PB;-7.6938;-36.1569
4214102;"Presidente Nereu";SC;-27.2776;-49.3904
2202000;"Buriti dos Lopes";PI;-3.1732;-41.8715
3146503;"Pains";MG;-20.3702;-45.6629
2504603;"Conde";PB;-7.2611;-34.9120
3555356;"Ubarana";SP;-21.1659;-49.7192
2917607;"Jaguaquara";BA;-13.5270;-39.9692
2414407;"Touros";RN;-5.2002;-35.4573
2933406;"Wagner";BA;-12.2821;-41.1655
2112100;"Timbiras";MA;-4.2553;-43.9391
4107801;"Floraí";PR;-23.3210;-52.3014
4124020;"Santa Tereza do Oeste";PR;-25.0556;-53.6228
3171030;"Verdelândia";MG;-15.5921;-43.6102
2308302;"Milagres";CE;-7.3138;-38.9439
4311502;"Lavras do Sul";RS;-30.8110;-53.8980
3514205;"Dolcinópolis";SP;-20.1232;-50.5127
4319802;"São Vicente do Sul";RS;-29.6923;-54.6785
1703305;"Bom Jesus do Tocantins";TO;-8.9656;-48.1638
2704500;"Maragogi";AL;-9.0121;-35.2211
4205902;"Gaspar";SC;-26.9292;-48.9564
4214201;"Quilombo";SC;-26.7266;-52.7183
2803609;"Laranjeiras";SE;-10.8041;-37.1660
4124004;"Santana do Itararé";PR;-23.7560;-49.6283
4107652;"Fazenda Rio Grande";PR;-25.6501;-49.3093
2209500;"Santo Inácio do Piauí";PI;-7.4266;-41.9113
2925204;"Pojuca";BA;-12.4320;-38.3302
3301900;"Itaboraí";RJ;-22.7456;-42.8583
5107305;"São José do Rio Claro";MT;-13.4442;-56.7227
2909406;"Cotegipe";BA;-12.0303;-44.2581
2103901;"Duque Bacelar";MA;-4.1541;-42.9456
4206009;"Governador Celso Ramos";SC;-27.3165;-48.5585
2308401;"Missão Velha";CE;-7.2497;-39.1481
4311601;"Liberato Salzano";RS;-27.6013;-53.0696
2512101;"Pombal";PB;-6.7712;-37.7986
3162948;"São José da Barra";MG;-20.7182;-46.3117
5107297;"São José do Povo";MT;-16.4653;-54.2539
5206206;"Cristalina";GO;-16.7654;-47.6018
3514304;"Dourado";SP;-22.1151;-48.3166
2414506;"Umarizal";RN;-5.9888;-37.8132
3547007;"Santa Maria da Serra";SP;-22.5694;-48.1528
5002209;"Bonito";MS;-21.1277;-56.4872
2201309;"Barreiras do Piauí";PI;-9.9242;-45.4785
4115804;"Medianeira";PR;-25.2904;-54.0875
3114402;"Carmo do Rio Claro";MG;-20.9707;-46.1219
2901205;"Anagé";BA;-14.6114;-41.1355
2909505;"Cravolândia";BA;-13.3594;-39.8138
3171105;"Veríssimo";MG;-19.6668;-48.3081
2300200;"Acaraú";CE;-2.8816;-40.1191
2308377;"Miraíma";CE;-3.5710;-39.9699
4319752;"São Vendelino";RS;-29.3679;-51.3784
4303400;"Caiçara";RS;-27.2761;-53.4302
2406304;"Lagoa de Pedras";RN;-6.1495;-35.4364
2512077;"Poço de José de Moura";PB;-6.5764;-38.5113
4214151;"Princesa";SC;-26.4446;-53.5999
2503902;"Camalaú";PB;-7.8886;-36.8238
3162922;"São Joaquim de Bicas";MG;-20.0453;-44.2634
1101609;"Theobroma";RO;-10.2459;-62.3495
5002308;"Brasilândia";MS;-21.2471;-52.0363
2201408;"Barro Duro";PI;-5.8198;-42.5098
4107603;"Faxinal";PR;-24.0023;-51.3259
3106200;"Belo Horizonte";MG;-19.9237;-43.9363
4115903;"Mirador";PR;-23.2570;-52.7763
4213500;"Porto Belo";SC;-27.1547;-48.5421
4319604;"São Sepé";RS;-30.1677;-53.5677
1503101;"Gurupá";PA;-1.4068;-51.6480
4311429;"Lajeado do Bugre";RS;-27.6918;-53.1799
2901304;"Andaraí";BA;-12.8005;-41.3271
3162906;"São João Nepomuceno";MG;-21.5407;-43.0107
1503093;"Goianésia do Pará";PA;-3.8385;-49.0992
2209559;"São Braz do Piauí";PI;-9.0644;-42.9985
4205308;"Faxinal dos Guedes";SC;-26.8531;-52.2610
3203601;"Mucurici";ES;-18.0941;-40.5172
3146404;"Paineiras";MG;-18.9023;-45.5356
3130051;"Icaraí de Minas";MG;-16.2181;-44.9071
3513603;"Cunha";SP;-23.0760;-44.9593
2413805;"Taboleiro Grande";RN;-5.9288;-38.0441
1702703;"Aurora do Tocantins";TO;-12.7145;-46.4089
2917508;"Jacobina";BA;-11.1834;-40.5097
2308203;"Meruoca";CE;-3.5433;-40.4534
4311403;"Lajeado";RS;-29.4666;-51.9633
4124053;"Santa Terezinha de Itaipu";PR;-25.4430;-54.3996
1503077;"Garrafão do Norte";PA;-1.9368;-47.0463
3506201;"Bento de Abreu";SP;-21.2719;-50.8122
4107702;"Fênix";PR;-23.9134;-51.9795
3154705;"Ribeirão Vermelho";MG;-21.1915;-45.0612
3113701;"Carlos Chagas";MG;-17.7042;-40.7627
5107354;"São José do Xingu";MT;-10.8070;-52.7321
1101435;"Nova União";RO;-10.9164;-62.5553
2802908;"Itabaiana";SE;-10.6856;-37.4271
2112506;"Tutóia";MA;-2.7632;-42.2742
3138203;"Lavras";MG;-21.2450;-44.9999
5206503;"Cromínia";GO;-17.2874;-49.3820
2405603;"Jardim de Piranhas";RN;-6.3791;-37.3494
2909307;"Correntina";BA;-13.3434;-44.6235
1711506;"Jaú do Tocantins";TO;-12.6517;-48.5942
3105509;"Barão do Monte Alto";MG;-21.2458;-42.2379
3170909;"Varzelândia";MG;-15.7018;-44.0269
2209401;"Santo Antônio de Lisboa";PI;-6.9826;-41.2314
4115853;"Mercedes";PR;-24.4547;-54.1644
3301801;"Engenheiro Paulo de Frontin";RJ;-22.5494;-43.6778
4303202;"Cacique Doble";RS;-27.7665;-51.6646
3146750;"Palmópolis";MG;-16.7385;-40.4206
2512002;"Pocinhos";PB;-7.0775;-36.0588
4115200;"Maringá";PR;-23.4240;-51.9395
2104305;"Godofredo Viana";MA;-1.4148;-45.7733
2925600;"Presidente Dutra";BA;-11.2942;-41.9860
5107701;"Rosário Oeste";MT;-14.8379;-56.4334
3555208;"Turiúba";SP;-20.9502;-50.1079
2803005;"Itabaianinha";SE;-11.2758;-37.7866
1101401;"Monte Negro";RO;-10.0375;-63.3339
5002100;"Bela Vista";MS;-22.1057;-56.5355
3162708;"São João do Paraíso";MG;-15.3148;-42.0154
2201200;"Barras";PI;-4.2468;-42.2956
2209377;"Santa Rosa do Piauí";PI;-6.7987;-42.2797
3130002;"Ibituruna";MG;-21.1514;-44.7481
3538204;"Pinhalzinho";SP;-22.7814;-46.5918
2405702;"Jardim do Seridó";RN;-6.5842;-36.7744
2901106;"Amélia Rodrigues";BA;-12.3987;-38.7549
2503803;"Caldas Brandão";PB;-7.1678;-35.3501
4107009;"Curiúva";PR;-24.0334;-50.4586
1719004;"Santa Tereza do Tocantins";TO;-10.2816;-47.8100
3171006;"Vazante";MG;-17.9897;-46.9005
2300101;"Abaiara";CE;-7.3592;-39.0480
3203403;"Mimoso do Sul";ES;-21.0629;-41.3635
4303301;"Caibaté";RS;-28.2891;-54.6370
2112456;"Turilândia";MA;-2.2237;-45.3090
3121803;"Dionísio";MG;-19.8420;-42.7766
3506003;"Bauru";SP;-22.3310;-49.0702
2209351;"Santana do Piauí";PI;-6.9459;-41.5187
3154507;"Riacho dos Machados";MG;-16.0052;-43.0497
4205357;"Flor do Sertão";SC;-26.7781;-53.3486
2201176;"Barra D'Alcântara";PI;-6.5192;-42.1069
3530003;"Mira Estrela";SP;-19.9795;-50.1376
1101500;"Seringueiras";RO;-11.7714;-63.0369
3162807;"São João Evangelista";MG;-18.5477;-42.7648
3301108;"Cantagalo";RJ;-21.9811;-42.3648
1101492;"São Francisco do Guaporé";RO;-12.0794;-63.5677
3146701;"Palma";MG;-21.3775;-42.3181
2611101;"Petrolina";PE;-9.3998;-40.5000
2933604;"Xique-Xique";BA;-10.8234;-42.7320
5214606;"Niquelândia";GO;-14.4707;-48.4602
1101484;"São Felipe D'Oeste";RO;-11.8002;-61.4737
1200104;"Brasiléia";AC;-11.0154;-68.7500
3203502;"Montanha";ES;-18.1264;-40.3643
5107776;"Santa Terezinha";MT;-10.4694;-50.5094
1101476;"Primavera de Rondônia";RO;-11.9749;-61.3769
3521804;"Itaí";SP;-23.4175;-49.0907
5107768;"Santa Rita do Trivelato";MT;-13.8162;-55.2752
3506102;"Bebedouro";SP;-20.9494;-48.4826
3554508;"Tietê";SP;-23.0988;-47.7156
2209450;"Santo Antônio dos Milagres";PI;-6.0457;-42.7105
1101468;"Pimenteiras do Oeste";RO;-13.4835;-61.0465
3154606;"Ribeirão das Neves";MG;-19.7664;-44.0871
3113602;"Careaçu";MG;-22.0433;-45.6995
2308609;"Monsenhor Tabosa";CE;-4.7894;-40.0630
2503753;"Cajazeirinhas";PB;-6.9622;-37.7995
1710904;"Itapiratins";TO;-8.3894;-48.1012
2602902;"Cabo de Santo Agostinho";PE;-8.2869;-35.0326
3138625;"Limeira do Oeste";MG;-19.5542;-50.5766
2802809;"Indiaroba";SE;-11.5250;-37.5082
5002159;"Bodoquena";MS;-20.5526;-56.6773
2925402;"Potiraguá";BA;-15.5942;-39.8743
5206404;"Crixás";GO;-14.5467;-49.9684
2405504;"Jardim de Angicos";RN;-5.6528;-35.9697
4213351;"Ponte Alta do Norte";SC;-27.1628;-50.4673
1600808;"Vitória do Jari";AP;-0.9289;-52.4284
4205175;"Entre Rios";SC;-26.7241;-52.5627
3538006;"Pindamonhangaba";SP;-22.9377;-45.4628
5107750;"Salto do Céu";MT;-15.1295;-58.1250
5107743;"Santa Cruz do Xingu";MT;-10.1568;-52.3907
2512036;"Poço Dantas";PB;-6.4052;-38.4977
2901155;"América Dourada";BA;-11.4536;-41.4360
3138609;"Lima Duarte";MG;-21.8391;-43.7920
1101450;"Parecis";RO;-12.1796;-61.6043
3554607;"Timburi";SP;-23.2059;-49.6069
3105400;"Barão de Cocais";MG;-19.9451;-43.4873
2300408;"Aiuaba";CE;-6.5713;-40.1225
4302584;"Bozano";RS;-28.3684;-53.7717
3171303;"Viçosa";MG;-20.7536;-42.8815
4205159;"Doutor Pedrinho";SC;-26.7143;-49.4855
4310751;"Ivorá";RS;-29.5215;-53.5815
1200179;"Capixaba";AC;-10.5722;-67.6753
2925501;"Prado";BA;-17.3357;-39.2302
3529807;"Mineiros do Tietê";SP;-22.4114;-48.4509
2610400;"Parnamirim";PE;-8.0892;-39.5764
4123402;"Santa Fé";PR;-23.0420;-51.8084
5213905;"Mossâmedes";GO;-16.1276;-50.2152
5222203;"Vila Boa";GO;-15.0383;-47.0579
1101807;"Vale do Paraíso";RO;-10.4270;-62.1332
2704906;"Mar Vermelho";AL;-9.4487;-36.3875
3538105;"Pindorama";SP;-21.1865;-48.9050
1718907;"Santa Rosa do Tocantins";TO;-11.4450;-48.1177
3130408;"Ijaci";MG;-21.1711;-44.9245
3202801;"Itapemirim";ES;-21.0107;-40.8340
1702554;"Augustinópolis";TO;-5.4686;-47.8837
2201606;"Beneditinos";PI;-5.4560;-42.3597
1718899;"Santa Rita do Tocantins";TO;-10.8629;-48.9081
3301157;"Cardoso Moreira";RJ;-21.4869;-41.6096
2602209;"Bom Jardim";PE;-7.7980;-35.5882
3546405;"Santa Cruz do Rio Pardo";SP;-22.9056;-49.6272
3505401;"Barra do Turvo";SP;-24.7582;-48.5053
5107578;"Rondolândia";MT;-10.8444;-61.4597
2901502;"Anguera";BA;-12.1515;-39.2453
3163102;"São José da Varginha";MG;-19.7101;-44.5576
4310850;"Jaboticaba";RS;-27.6329;-53.2788
3122207;"Divinolândia de Minas";MG;-18.8048;-42.6118
3529906;"Miracatu";SP;-24.2840;-47.4590
5214002;"Mozarlândia";GO;-14.7476;-50.5715
2209757;"São Gonçalo do Gurguéia";PI;-10.0289;-45.3030
1718881;"Santa Maria do Tocantins";TO;-8.7756;-47.7480
1710706;"Itaguatins";TO;-5.7713;-47.4806
3146602;"Paiva";MG;-21.2896;-43.4152
4302659;"Brochier";RS;-29.5576;-51.5919
1502509;"Chaves";PA;-0.1644;-49.9815
1702901;"Axixá do Tocantins";TO;-5.6173;-47.7714
2602308;"Bonito";PE;-8.4727;-35.7273
3154903;"Rio Casca";MG;-20.2261;-42.6515
2201572;"Belém do Piauí";PI;-7.3789;-40.9721
1200138;"Bujari";AC;-9.8311;-67.9524
4319000;"São Marcos";RS;-28.9701;-51.0659
1718865;"Santa Fé do Araguaia";TO;-7.1489;-48.6908
3163201;"São José do Alegre";MG;-22.3291;-45.5264
3521705;"Itaberá";SP;-23.8627;-49.1384
1600600;"Santana";AP;-0.0308;-51.1780
2924801;"Piritiba";BA;-11.7290;-40.5535
4213401;"Ponte Serrada";SC;-26.8705;-52.0155
2201556;"Bela Vista do Piauí";PI;-7.9731;-41.8709
3554409;"Terra Roxa";SP;-20.7870;-48.3314
3138401;"Leopoldina";MG;-21.5304;-42.6440
2209856;"São João da Canabrava";PI;-6.8161;-41.3465
3505351;"Barra do Chapéu";SP;-24.4714;-49.0263
4106852;"Cruzmaltina";PR;-23.9909;-51.4470
3155009;"Rio Doce";MG;-20.2455;-42.8950
2504157;"Casserengue";PB;-6.7821;-35.8187
4205209;"Erval Velho";SC;-27.2754;-51.4422
5222005;"Vianópolis";GO;-16.7421;-48.5144
4310801;"Ivoti";RS;-29.5926;-51.1607
1600709;"Tartarugalzinho";AP;1.5060;-50.9104
3513504;"Cubatão";SP;-23.8836;-46.4228
2413706;"Sítio Novo";RN;-6.1050;-35.9101
2803203;"Itaporanga d'Ajuda";SE;-10.9960;-37.3048
3546207;"Santa Cruz da Conceição";SP;-22.1378;-47.4538
3130200;"Igaratinga";MG;-19.9526;-44.7078
4205191;"Ermo";SC;-28.9861;-49.6429
3300951;"Comendador Levy Gasparian";RJ;-22.0292;-43.2046
2112407;"Turiaçu";MA;-1.6719;-45.3709
3138500;"Liberdade";MG;-22.0276;-44.3198
4123303;"Santa Cruz de Monte Castelo";PR;-22.9571;-53.2935
3171204;"Vespasiano";MG;-19.6925;-43.9199
4310652;"Itati";RS;-29.4913;-50.1009
2917904;"Jandaíra";BA;-11.5638;-37.7831
2704807;"Maribondo";AL;-9.5813;-36.3086
2933059;"Várzea da Roça";BA;-11.6080;-40.1380
2610301;"Paranatama";PE;-8.9215;-36.6576
4302600;"Braga";RS;-27.6146;-53.7401
5213806;"Morrinhos";GO;-17.7339;-49.1212
3122009;"Divino";MG;-20.6145;-42.1478
3300936;"Carapebus";RJ;-22.1871;-41.6616
3130309;"Iguatama";MG;-20.1759;-45.7057
4205555;"Frei Rogério";SC;-27.1734;-50.8063
2209807;"São Gonçalo do Piauí";PI;-5.9966;-42.7026
2111748;"Senador Alexandre Costa";MA;-5.2609;-44.0559
5001508;"Bandeirantes";MS;-19.9200;-54.3627
3546306;"Santa Cruz das Palmeiras";SP;-21.8266;-47.2491
3163003;"São José da Safira";MG;-18.3242;-42.1463
3530201;"Mirante do Paranapanema";SP;-22.2912;-51.9076
4318804;"São Lourenço do Sul";RS;-31.3673;-51.9795
4302451;"Boqueirão do Leão";RS;-29.3039;-52.4325
2909703;"Cristópolis";BA;-12.2333;-44.4144
4115101;"Mariluz";PR;-24.0082;-53.1483
1502301;"Capitão Poço";PA;-1.7449;-47.0644
3538501;"Piquete";SP;-22.6123;-45.1808
3513850;"Dirce Reis";SP;-20.4663;-50.6066
2512408;"Puxinanã";PB;-7.1470;-35.9634
2104206;"Fortuna";MA;-5.7373;-44.1606
2602100;"Bom Conselho";PE;-9.1699;-36.6799
5107602;"Rondonópolis";MT;-16.4750;-54.6221
3122108;"Divino das Laranjeiras";MG;-18.7785;-41.4802
4213708;"Pouso Redondo";SC;-27.2584;-49.9345
5213772;"Montividiu do Norte";GO;-13.3454;-48.6864
2103554;"Conceição do Lago-Açu";MA;-3.8379;-44.8978
2209658;"São Francisco de Assis do Piauí";PI;-8.2378;-41.6876
2111722;"Satubinha";MA;-4.0404;-45.2362
3522000;"Itaju";SP;-21.9847;-48.8050
3154804;"Rio Acima";MG;-20.0880;-43.7911
4310603;"Itaqui";RS;-29.1216;-56.5572
2504207;"Catingueira";PB;-7.1244;-37.6078
3530300;"Mirassol";SP;-20.8169;-49.5121
4318903;"São Luiz Gonzaga";RS;-28.4084;-54.9607
4106902;"Curitiba";PR;-25.4133;-49.2679
3171154;"Vermelho Novo";MG;-20.0364;-42.2667
1502400;"Castanhal";PA;-1.2941;-47.9264
4115457;"Marquinho";PR;-25.1151;-52.2554
1711100;"Itaporã do Tocantins";TO;-8.5728;-48.6900
3202652;"Irupi";ES;-20.3456;-41.6417
2111706;"São Vicente Ferrer";MA;-2.8894;-44.8783
5222054;"Vicentinópolis";GO;-17.7351;-49.8055
2933000;"Valente";BA;-11.4102;-39.4639
4213807;"Praia Grande";SC;-29.1975;-49.9507
5205703;"Córrego do Ouro";GO;-16.2949;-50.5520
2704104;"Lagoa da Canoa";AL;-9.8287;-36.7350
3301009;"Campos dos Goytacazes";RJ;-21.7567;-41.3237
3546256;"Santa Cruz da Esperança";SP;-21.2923;-47.4304
3522109;"Itanhaém";SP;-24.1856;-46.7891
3162955;"São José da Lapa";MG;-19.6999;-43.9608
1200013;"Acrelândia";AC;-10.0774;-67.0504
3513801;"Diadema";SP;-23.6864;-46.6114
2917706;"Jaguarari";BA;-10.2577;-40.1948
2901353;"Andorinha";BA;-10.3456;-39.8339
4107256;"Douradina";PR;-23.3825;-53.2923
5213855;"Morro Agudo de Goiás";GO;-15.3201;-50.0566
3554805;"Tremembé";SP;-22.9621;-45.5452
4310702;"Itatiba do Sul";RS;-27.3821;-52.4552
4123600;"Santa Inês";PR;-22.6402;-51.9016
2103505;"Colinas";MA;-6.0262;-44.2495
2924678;"Piraí do Norte";BA;-13.7610;-39.3776
2111805;"Sítio Novo";MA;-5.8773;-46.7007
2209609;"São Félix do Piauí";PI;-5.9325;-42.1137
1101757;"Vale do Anari";RO;-9.8557;-62.1762
3538303;"Piquerobi";SP;-21.8895;-51.7305
3121407;"Desterro de Entre Rios";MG;-20.6598;-44.3349
4205605;"Galvão";SC;-26.4551;-52.6913
2414100;"Tenente Ananias";RN;-6.4686;-38.1796
5205802;"Corumbá de Goiás";GO;-15.9246;-48.8078
3513900;"Divinolândia";SP;-21.6617;-46.7398
2504033;"Capim";PB;-6.9206;-35.1735
4115408;"Marmeleiro";PR;-26.1489;-53.0254
2917805;"Jaguaripe";BA;-13.1126;-38.8950
2308500;"Mombaça";CE;-5.7429;-39.6267
3546603;"Santa Fé do Sul";SP;-20.2119;-50.9253
3114006;"Carmo da Mata";MG;-20.5605;-44.8694
2111789;"Serrano do Maranhão";MA;-1.8529;-45.1137
4123709;"Santa Isabel do Ivaí";PR;-23.0014;-53.1969
2512200;"Prata";PB;-7.6948;-37.0844
4302501;"Bossoroca";RS;-28.7303;-54.9102
2924652;"Pintadas";BA;-11.8145;-39.9082
5107008;"Poxoréu";MT;-15.8271;-54.3960
2103604;"Coroatá";MA;-4.1282;-44.1276
2209708;"São Francisco do Piauí";PI;-7.2457;-42.5445
2300309;"Acopiara";CE;-6.0957;-39.4534
2405900;"João Dias";RN;-6.2763;-37.7970
2504009;"Campina Grande";PB;-7.2191;-35.8898
3530102;"Mirandópolis";SP;-21.1336;-51.1025
4107207;"Dois Vizinhos";PR;-25.7497;-53.0536
2909604;"Crisópolis";BA;-11.5101;-38.1497
2111763;"Senador La Rocque";MA;-5.4365;-47.2985
2512309;"Princesa Isabel";PB;-7.7352;-37.9944
1502707;"Conceição do Araguaia";PA;-8.2712;-49.2705
4115507;"Marumbi";PR;-23.7086;-51.6395
4319208;"São Nicolau";RS;-28.1855;-55.2658
4205431;"Formosa do Sul";SC;-26.6475;-52.7933
1101708;"Urupá";RO;-11.1215;-62.3756
4213609;"Porto União";SC;-26.2332;-51.0805
2201507;"Batalha";PI;-4.0239;-42.0762
3202702;"Itaguaçu";ES;-19.8031;-40.8559
3521903;"Itajobi";SP;-21.3164;-49.0585
3146008;"Ouro Fino";MG;-22.2820;-46.3694
2901403;"Angical";BA;-12.0066;-44.6940
3505302;"Barra Bonita";SP;-22.4942;-48.5617
2504108;"Carrapateira";PB;-7.0386;-38.3442
3129657;"Ibiracatu";MG;-15.6646;-44.1672
2111607;"São Raimundo das Mangabeiras";MA;-7.0200;-45.4785
2307809;"Marco";CE;-3.1174;-40.1497
4311007;"Jaguarão";RS;-32.5655;-53.3779
2932903;"Valença";BA;-13.3708;-39.0714
4107306;"Doutor Camargo";PR;-23.5558;-52.2189
4205407;"Florianópolis";SC;-27.5975;-48.5497
3170529;"Urucuia";MG;-16.1264;-45.7418
3203056;"Jaguaré";ES;-18.9053;-40.0749
2413904;"Taipu";RN;-5.6209;-35.5970
2917102;"Itororó";BA;-15.1201;-40.0699
2704005;"Junqueiro";AL;-9.9323;-36.4732
3513702;"Descalvado";SP;-21.9037;-47.6200
3137809;"Lambari";MG;-21.9744;-45.3485
3145851;"Oratórios";MG;-20.4318;-42.8055
3113800;"Carmésia";MG;-19.0870;-43.1419
2209005;"Rio Grande do Piauí";PI;-7.7780;-43.1384
4302808;"Caçapava do Sul";RS;-30.5144;-53.4921
2307908;"Martinópole";CE;-3.2261;-40.6927
3301405;"Conceição de Macabu";RJ;-22.0838;-41.8708
2908903;"Coração de Maria";BA;-12.2473;-38.7480
4123501;"Santa Helena";PR;-24.8590;-54.3332
3170503;"Urucânia";MG;-20.3557;-42.7438
2103406;"Coelho Neto";MA;-4.2570;-43.0121
2511608;"Pilões";PB;-6.8688;-35.6137
2504074;"Caraúbas";PB;-7.7284;-36.4946
2924702;"Piripá";BA;-14.9418;-41.7207
4311106;"Jaguari";RS;-29.5015;-54.6905
5106802;"Porto dos Gaúchos";MT;-11.5354;-57.4139
2111573;"São Pedro dos Crentes";MA;-6.8228;-46.5323
1502772;"Curionópolis";PA;-6.0980;-49.6049
3105608;"Barbacena";MG;-21.2260;-43.7738
3154150;"Reduto";MG;-20.2409;-41.9830
4205506;"Fraiburgo";SC;-27.0236;-50.9184
3113909;"Carmo da Cachoeira";MG;-21.4606;-45.2243
3129608;"Ibiaí";MG;-16.8587;-44.9139
2414001;"Tangará";RN;-6.1999;-35.8007
1502764;"Cumaru do Norte";PA;-7.8105;-50.7656
4115309;"Mariópolis";PR;-26.3566;-52.5555
1101005;"Governador Jorge Teixeira";RO;-10.6136;-62.7341
2200806;"Antônio Almeida";PI;-7.2199;-44.1976
4302907;"Cacequi";RS;-29.8844;-54.8266
1502756;"Concórdia do Pará";PA;-1.9941;-47.9454
4107124;"Diamante do Sul";PR;-25.0423;-52.6803
2503407;"Cacimba de Areia";PB;-7.1285;-37.1566
2803104;"Itabi";SE;-10.1262;-37.1015
5106778;"Porto Alegre do Norte";MT;-10.8776;-51.6398
2900702;"Alagoinhas";BA;-12.1377;-38.4244
2111672;"São Roberto";MA;-5.0170;-44.9933
3170602;"Vargem Bonita";MG;-20.3290;-46.3683
3105707;"Barra Longa";MG;-20.2830;-43.0417
2405801;"João Câmara";RN;-5.5391;-35.8170
3203130;"João Neiva";ES;-19.7572;-40.3858
1702109;"Araguaína";TO;-7.1898;-48.2099
4107108;"Diamante do Norte";PR;-22.6608;-52.8633
3505609;"Barrinha";SP;-21.1946;-48.1645
3554656;"Torre de Pedra";SP;-23.2468;-48.1943
1101104;"Itapuã do Oeste";RO;-9.1871;-63.1884
3145802;"Onça de Pitangui";MG;-19.7303;-44.8068
2610707;"Paulista";PE;-7.9409;-34.8797
4319109;"São Martinho";RS;-27.7077;-53.9623
2933208;"Vera Cruz";BA;-12.9634;-38.6081
4205456;"Forquilhinha";SC;-28.7480;-49.4727
2900801;"Alcobaça";BA;-17.5412;-39.1924
3162401;"São João da Ponte";MG;-15.9307;-44.0078
3170578;"Vargem Alegre";MG;-19.6071;-42.2998
3203106;"Jerônimo Monteiro";ES;-20.7869;-41.3871
3301207;"Carmo";RJ;-21.9327;-42.6100
3121258;"Delta";MG;-19.9728;-47.7780
1702208;"Araguatins";TO;-5.6493;-48.1231
3505708;"Barueri";SP;-23.5119;-46.8740
3554755;"Trabiju";SP;-22.0407;-48.3365
4204806;"Curitibanos";SC;-27.2834;-50.5815
3170438;"União de Minas";MG;-19.5302;-50.3369
2111631;"São Raimundo do Doca Bezerra";MA;-5.1047;-45.0893
3145901;"Ouro Branco";MG;-20.5210;-43.6919
2413300;"Serra de São Bento";RN;-6.4167;-35.7047
2307700;"Maranguape";CE;-3.8906;-38.6835
3113206;"Carandaí";MG;-20.9528;-43.8067
2602506;"Brejinho";PE;-7.3491;-37.2858
4310900;"Jacutinga";RS;-27.7289;-52.5364
5106851;"Porto Estrela";MT;-15.3312;-57.2066
2933307;"Vitória da Conquista";BA;-14.8497;-40.8370
5214051;"Mundo Novo";GO;-13.7710;-50.2800
3154200;"Resende Costa";MG;-20.9201;-44.2357
2925006;"Planalto";BA;-14.6688;-40.4754
2802403;"Gararu";SE;-9.9675;-37.0821
2405108;"Jandaíra";RN;-5.3555;-36.1281
2112001;"Tasso Fragoso";MA;-8.4745;-45.7443
1100924;"Chupinguaia";RO;-12.5514;-60.8997
3137700;"Lajinha";MG;-20.1516;-41.6241
3145877;"Orizânia";MG;-20.5057;-42.2051
4115358;"Maripá";PR;-24.4179;-53.8247
4302709;"Butiá";RS;-30.1179;-51.9701
3301306;"Casimiro de Abreu";RJ;-22.4798;-42.2007
2908804;"Contendas do Sincorá";BA;-13.7641;-41.0421
3105004;"Baldim";MG;-19.2882;-43.9567
3170404;"Unaí";MG;-16.3575;-46.9060
4310876;"Jacuizinho";RS;-29.0356;-53.0496
5106828;"Porto Esperidião";MT;-15.8554;-58.4643
2925105;"Poções";BA;-14.5266;-40.3649
1100908;"Castanheiras";RO;-11.5005;-61.8876
2200707;"Anísio de Abreu";PI;-9.1881;-43.0461
3129509;"Ibiá";MG;-19.4881;-46.5435
5107206;"Rio Branco";MT;-15.2364;-58.1061
2103802;"Dom Pedro";MA;-5.0398;-44.4386
4204756;"Cunhataí";SC;-26.9713;-53.0944
2610509;"Passira";PE;-7.9783;-35.5825
1702158;"Araguanã";TO;-6.5725;-48.6406
4107157;"Diamante D'Oeste";PR;-24.9436;-54.1047
5107198;"Ribeirãozinho";MT;-16.4871;-52.6961
3554706;"Torrinha";SP;-22.4301;-48.1662
2802502;"General Maynard";SE;-10.6882;-36.9847
2900603;"Aiquara";BA;-14.1290;-39.8884
3162203;"São João Batista do Glória";MG;-20.6422;-46.5061
1600253;"Itaubal";AP;0.6032;-50.6989
2208874;"Ribeira do Piauí";PI;-7.6916;-42.7118
3537701;"Piacatu";SP;-21.5933;-50.5995
4319158;"São Miguel das Missões";RS;-28.5471;-54.5505
1718501;"Recursolândia";TO;-8.7360;-47.2423
2933257;"Vereda";BA;-17.2216;-40.0849
3202900;"Itarana";ES;-19.8720;-40.8756
5107180;"Ribeirão Cascalheira";MT;-12.9446;-51.8270
2111953;"Sucupira do Riachão";MA;-6.4114;-43.5463
3121308;"Descoberto";MG;-21.4597;-42.9676
2413359;"Serra do Mel";RN;-5.1758;-37.0396
5222302;"Vila Propício";GO;-15.4595;-48.8850
1600238;"Ferreira Gomes";AP;0.8603;-51.1807
2208858;"Riacho Frio";PI;-10.1259;-44.9522
3546504;"Santa Ernestina";SP;-21.4637;-48.3897
1702000;"Araguaçu";TO;-12.9318;-49.8277
3505500;"Barretos";SP;-20.5710;-48.5694
2610608;"Paudalho";PE;-7.8957;-35.1781
3170479;"Uruana de Minas";MG;-16.0586;-46.2554
3529500;"Mendonça";SP;-21.1835;-49.5811
3146206;"Ouro Verde de Minas";MG;-18.0679;-41.2698
2933109;"Várzea do Poço";BA;-11.5251;-40.3217
3203007;"Iúna";ES;-20.3480;-41.5338
3154002;"Raul Soares";MG;-20.1016;-42.4527
3300605;"Bom Jesus do Itabapoana";RJ;-21.1368;-41.6767
4319125;"São Martinho da Serra";RS;-29.5352;-53.8544
3162302;"São João da Mata";MG;-21.9328;-45.9277
5107156;"Reserva do Cabaçal";MT;-15.1186;-58.3867
2103752;"Davinópolis";MA;-5.5283;-47.3964
1600212;"Cutias";AP;0.9724;-50.7996
5214101;"Mutunópolis";GO;-13.7302;-49.2740
3521309;"Ipuã";SP;-20.4441;-48.0096
1600204;"Calçoene";AP;2.4928;-50.9505
1502608;"Colares";PA;-0.9305;-48.2885
2602407;"Brejão";PE;-9.0292;-36.5686
4213005;"Pinheiro Preto";SC;-27.0448;-51.2300
3138005;"Laranjal";MG;-21.3634;-42.4797
5107263;"Santo Afonso";MT;-14.4956;-57.0004
4106456;"Coronel Domingos Soares";PR;-26.2247;-52.0306
3146305;"Padre Paraíso";MG;-17.0759;-41.4841
3554003;"Tatuí";SP;-23.3415;-47.8405
1501956;"Cachoeira do Piriá";PA;-1.7584;-46.5439
3154101;"Recreio";MG;-21.5262;-42.4698
2924900;"Planaltino";BA;-13.2583;-40.3696
2802304;"Frei Paulo";SE;-10.5502;-37.5353
3513108;"Cravinhos";SP;-21.3377;-47.7331
3537503;"Pereiras";SP;-23.0769;-47.9767
5107248;"Santa Carmem";MT;-11.9749;-55.2771
1600303;"Macapá";AP;0.0407;-51.0574
5221601;"Uruaçu";GO;-14.5246;-49.1409
2917003;"Itiúba";BA;-10.6941;-39.8525
3521150;"Ipiguá";SP;-20.6564;-49.3888
3129806;"Ibirité";MG;-20.0212;-44.0671
3138104;"Lassance";MG;-17.8866;-44.5766
3545803;"Santa Bárbara d'Oeste";SP;-22.7546;-47.4274
3162252;"São João da Lagoa";MG;-16.8526;-44.3463
2609907;"Ouricuri";PE;-7.8836;-40.0806
4122909;"Salto do Itararé";PR;-23.6012;-49.6266
4106555;"Corumbataí do Sul";PR;-24.0985;-52.1201
1100940;"Cujubim";RO;-9.3683;-62.5825
4318465;"São José do Herval";RS;-29.0466;-52.2910
3554102;"Taubaté";SP;-23.0312;-45.5655
1718550;"Riachinho";TO;-6.4431;-48.1392
3170800;"Várzea da Palma";MG;-17.6005;-44.7340
2208908;"Ribeiro Gonçalves";PI;-7.5595;-45.2424
2933174;"Varzedo";BA;-12.9772;-39.3951
4318457;"São José das Missões";RS;-27.7786;-53.1185
1600279;"Laranjal do Jari";AP;-0.8413;-52.5202
3202306;"Guaçuí";ES;-20.7727;-41.6775
5221577;"Uirapuru";GO;-14.2834;-49.9223
5213400;"Moiporá";GO;-16.5452;-50.7387
3529302;"Matão";SP;-21.6004;-48.3609
2704401;"Major Isidoro";AL;-9.5308;-36.9855
3146255;"Padre Carvalho";MG;-16.3655;-42.5147
5221700;"Uruana";GO;-15.5011;-49.6862
3537602;"Peruíbe";SP;-24.3207;-47.0025
2511509;"Pilar";PB;-7.2669;-35.2591
1501907;"Bujaru";PA;-1.5151;-48.0464
2917359;"Jaborandi";BA;-13.6229;-44.4675
3129905;"Ibitiúra de Minas";MG;-22.0606;-46.4402
4114708;"Maria Helena";PR;-23.6123;-53.2057
1101302;"Mirante da Serra";RO;-11.0308;-62.6746
3162609;"São João do Oriente";MG;-19.3403;-42.1586
2933158;"Várzea Nova";BA;-11.2550;-40.9448
1718402;"Presidente Kennedy";TO;-8.5297;-48.5068
4318440;"São Jorge";RS;-28.5000;-51.7043
2601706;"Belo Jardim";PE;-8.3344;-36.4202
4212809;"Balneário Piçarras";SC;-26.7653;-48.6714
4318432;"São João do Polêsine";RS;-29.6159;-53.4445
5213509;"Monte Alegre de Goiás";GO;-13.2571;-46.8931
3146107;"Ouro Preto";MG;-20.3854;-43.5036
3521101;"Ipeúna";SP;-22.4363;-47.7202
4318424;"São João da Urtiga";RS;-27.8203;-51.8274
3529401;"Mauá";SP;-23.6699;-46.4623
2503308;"Cachoeira dos Índios";PB;-6.9222;-38.6734
5107065;"Querência";MT;-12.5955;-52.2081
3121704;"Diogo de Vasconcelos";MG;-20.4880;-43.1993
1702406;"Arraias";TO;-12.9297;-46.9436
3154408;"Ressaquinha";MG;-21.0625;-43.7628
2917334;"Iuiu";BA;-14.4123;-43.5528
4106506;"Coronel Vivida";PR;-25.9801;-52.5636
1502004;"Cachoeira do Arari";PA;-1.0098;-48.9612
3162575;"São João do Manteninha";MG;-18.7261;-41.1608
4212908;"Pinhalzinho";SC;-26.8511;-52.9866
4318408;"São Jerônimo";RS;-29.9591;-51.7234
3202256;"Governador Lindenberg";ES;-19.2501;-40.4636
4302055;"Benjamin Constant do Sul";RS;-27.5098;-52.6014
3137908;"Lamim";MG;-20.7925;-43.4724
1600105;"Amapá";AP;2.0502;-50.7917
5107040;"Primavera do Leste";MT;-15.5554;-54.3002
3521200;"Iporanga";SP;-24.5837;-48.5941
2201051;"Assunção do Piauí";PI;-5.8652;-41.0485
3553906;"Tarabai";SP;-22.3036;-51.5610
4122701;"Sabáudia";PR;-23.3193;-51.5543
4204707;"Cunha Porã";SC;-26.8928;-53.1709
2704203;"Limoeiro de Anadia";AL;-9.7392;-36.5031
2932457;"Umburanas";BA;-10.7311;-41.3244
3513009;"Cotia";SP;-23.6060;-46.9153
4318507;"São José do Norte";RS;-32.0070;-52.0389
3129707;"Ibiraci";MG;-20.4628;-47.1231
3113107;"Caranaíba";MG;-20.8748;-43.7375
5221502;"Turvânia";GO;-16.6142;-50.1345
2413201;"Senador Georgino Avelino";RN;-6.1612;-35.1227
4310330;"Imbé";RS;-29.9726;-50.1337
4318499;"São José do Inhacorá";RS;-27.7261;-54.1297
3537909;"Pilar do Sul";SP;-23.8126;-47.7167
3300456;"Belford Roxo";RJ;-22.7636;-43.3996
3545704;"Santa Albertina";SP;-20.0331;-50.7297
5000906;"Antônio João";MS;-22.1947;-55.9481
1718451;"Pugmil";TO;-10.4273;-48.8959
2917409;"Jacaraci";BA;-14.8500;-42.4335
2111904;"Sucupira do Norte";MA;-6.4786;-44.1917
2308104;"Mauriti";CE;-7.3822;-38.7693
4122800;"Salgado Filho";PR;-26.1723;-53.3630
3162658;"São João do Pacuí";MG;-16.5327;-44.5288
2201150;"Baixa Grande do Ribeiro";PI;-7.8583;-45.2127
2405009;"Jaçanã";RN;-6.4261;-36.2039
3104908;"Baependi";MG;-21.9597;-44.8904
5205901;"Corumbaíba";GO;-18.1335;-48.5650
4318481;"São José do Hortêncio";RS;-29.5249;-51.2482
4310306;"Ilópolis";RS;-28.9279;-52.1271
2704302;"Maceió";AL;-9.6599;-35.7406
3529708;"Miguelópolis";SP;-20.1819;-48.0269
3121506;"Desterro do Melo";MG;-21.1472;-43.5180
2413557;"Serrinha dos Pintos";RN;-6.1129;-37.9568
1501808;"Breves";PA;-1.6913;-50.4831
4114609;"Marechal Cândido Rondon";PR;-24.5580;-54.0591
5001003;"Aparecida do Taboado";MS;-20.0868;-51.1024
5107107;"São José dos Quatro Marcos";MT;-15.6254;-58.1781
2909208;"Coronel João Sá";BA;-10.2845;-37.9272
2103703;"Cururupu";MA;-1.8256;-44.8672
3154457;"Riachinho";MG;-16.2215;-46.0016
2209302;"Santa Luz";PI;-8.9502;-44.1315
3162500;"São João del Rei";MG;-21.1358;-44.2597
2511905;"Pitimbu";PB;-7.4733;-34.8082
5221452;"Trombas";GO;-13.5083;-48.7397
4302105;"Bento Gonçalves";RS;-29.1668;-51.5169
3521507;"Irapuã";SP;-21.2793;-49.4092
1600154;"Pedra Branca do Amapari";AP;0.7775;-51.9525
4213203;"Pomerode";SC;-26.7416;-49.1754
4106407;"Cornélio Procópio";PR;-23.1812;-50.6496
3121605;"Diamantina";MG;-18.2448;-43.5973
3504909;"Bananal";SP;-22.6800;-44.3192
3553955;"Tarumã";SP;-22.7488;-50.5779
2209153;"Santa Cruz dos Milagres";PI;-5.7997;-41.9555
3154309;"Resplendor";MG;-19.3239;-41.2558
2901007;"Amargosa";BA;-13.0321;-39.6030
1501782;"Breu Branco";PA;-3.7779;-49.5691
3170651;"Vargem Grande do Rio Pardo";MG;-15.4037;-42.3097
2201101;"Avelino Lopes";PI;-10.1405;-43.9461
2932507;"Una";BA;-15.2937;-39.0743
2503704;"Cajazeiras";PB;-6.8877;-38.5589
4318309;"São Gabriel";RS;-30.3391;-54.3192
4301958;"Barra Funda";RS;-27.9239;-53.0421
5221551;"Turvelândia";GO;-17.8522;-50.3025
5205208;"Caturaí";GO;-16.4473;-49.4927
2111201;"São José de Ribamar";MA;-2.5632;-44.0557
3513306;"Cruzália";SP;-22.7411;-50.7923
2200954;"Aroeiras do Itaim";PI;-7.2797;-41.5634
4205001;"Dionísio Cerqueira";SC;-26.2532;-53.6401
2703601;"Japaratinga";AL;-9.0884;-35.2583
3145455;"Olhos-d'Água";MG;-17.3988;-43.5724
5106422;"Peixoto de Azevedo";MT;-10.2453;-54.9920
3300506;"Bom Jardim";RJ;-22.1503;-42.4220
3521606;"Irapuru";SP;-21.5661;-51.3520
2503555;"Cacimbas";PB;-7.2111;-37.0589
1600501;"Oiapoque";AP;3.8470;-51.8371
4213302;"Ponte Alta";SC;-27.4828;-50.3807
1718758;"Rio Sono";TO;-9.3448;-47.9010
2917201;"Ituaçu";BA;-13.8138;-41.2977
4310108;"Igrejinha";RS;-29.5870;-50.8040
3162450;"São João das Missões";MG;-14.8815;-44.0835
4123105;"Santa Amélia";PR;-23.2657;-50.4259
3554300;"Teodoro Sampaio";SP;-22.5310;-52.1733
3170750;"Varjão de Minas";MG;-18.3795;-46.0307
5000807;"Anaurilândia";MS;-22.1830;-52.7203
2924306;"Piatã";BA;-13.1525;-41.7687
2103000;"Caxias";MA;-4.8622;-43.3639
5205307;"Cavalcante";GO;-13.7963;-47.4604
2413607;"Severiano Melo";RN;-5.7810;-37.9583
4301925;"Barra do Rio Azul";RS;-27.4100;-52.4152
2111300;"São Luís";MA;-2.5274;-44.3061
2209104;"Santa Cruz do Piauí";PI;-7.1840;-41.7657
3162559;"São João do Manhuaçu";MG;-20.3952;-42.1519
3513405;"Cruzeiro";SP;-22.5758;-44.9584
2511707;"Pilõezinhos";PB;-6.8429;-35.5312
4205100;"Dona Emma";SC;-26.9857;-49.7242
2308005;"Massapê";CE;-3.5225;-40.3414
3113503;"Carbonita";MG;-17.5272;-43.0158
3546108;"Santa Clara d'Oeste";SP;-20.0931;-50.9273
2909000;"Cordeiros";BA;-15.0391;-41.9342
4301909;"Barra do Ribeiro";RS;-30.3014;-51.3056
2917300;"Ituberá";BA;-13.7345;-39.1481
4310207;"Ijuí";RS;-28.3886;-53.9160
4114906;"Marilândia do Sul";PR;-23.7467;-51.3074
4123204;"Santa Cecília do Pavão";PR;-23.5162;-50.7840
2103109;"Cedral";MA;-1.9974;-44.5352
2200905;"Aroazes";PI;-6.1112;-41.7887
2209203;"Santa Filomena";PI;-9.1099;-45.9228
1718840;"Sandolândia";TO;-12.5408;-49.9292
2802700;"Ilha das Flores";SE;-10.4349;-36.5372
2405405;"Japi";RN;-6.4672;-35.9456
2609808;"Orocó";PE;-8.6192;-39.6014
2909109;"Coribe";BA;-13.8288;-44.4550
2932309;"Ubatã";BA;-14.2170;-39.5188
2503506;"Cacimba de Dentro";PB;-6.6416;-35.7923
3202207;"Fundão";ES;-19.9336;-40.4035
4106704;"Cruzeiro do Sul";PR;-22.9631;-52.1647
3170701;"Varginha";MG;-21.5565;-45.4339
3105301;"Bandeira do Sul";MG;-21.7283;-46.3859
2511806;"Pirpirituba";PB;-6.7812;-35.4962
3120870;"Curral de Dentro";MG;-15.9371;-41.8551
4302006;"Barros Cassal";RS;-29.0929;-52.5829
3521408;"Iracemápolis";SP;-22.5801;-47.5176
1502202;"Capanema";PA;-1.1940;-47.1788
4115002;"Marilena";PR;-22.7364;-53.0408
4213104;"Piratuba";SC;-27.4197;-51.7770
1101203;"Ministro Andreazza";RO;-11.1969;-61.5177
5221858;"Valparaíso de Goiás";GO;-16.0685;-47.9820
2111250;"São José dos Basílios";MA;-5.0529;-44.5861
2601607;"Belém do São Francisco";PE;-8.7569;-38.9651
3504800;"Bálsamo";SP;-20.7328;-49.5828
2201002;"Arraial";PI;-6.6543;-42.5340
1718808;"Sampaio";TO;-5.3524;-47.8781
2924108;"Pedrão";BA;-12.1460;-38.6516
3145505;"Olímpio Noronha";MG;-22.0691;-45.2631
2900900;"Almadina";BA;-14.7018;-39.6372
2932408;"Uibaí";BA;-11.3392;-42.1347
1600550;"Pracuúba";AP;1.7462;-50.7833
2503605;"Caiçara";PB;-6.6157;-35.4683
4106803;"Cruz Machado";PR;-26.0186;-51.3532
2916609;"Itapitanga";BA;-14.4237;-39.5666
2307304;"Juazeiro do Norte";CE;-7.2090;-39.3183
5106455;"Planalto da Serra";MT;-14.6638;-54.7751
3513207;"Cristais Paulista";SP;-20.4062;-47.4212
5205109;"Catalão";GO;-18.1703;-47.9508
2413409;"Serra Negra do Norte";RN;-6.6668;-37.3957
3120839;"Cuparaque";MG;-18.9701;-41.0997
1702307;"Arapoema";TO;-7.6578;-49.0644
1600535;"Porto Grande";AP;0.7054;-51.4094
2111102;"São João dos Patos";MA;-6.4987;-43.7019
4204905;"Descanso";SC;-26.8263;-53.4999
5000856;"Angélica";MS;-22.1589;-53.7718
1718659;"Rio da Conceição";TO;-11.4005;-46.8847
4318705;"São Leopoldo";RS;-29.7618;-51.1493
3202553;"Ibitirama";ES;-20.5383;-41.6658
3113305;"Carangola";MG;-20.7335;-42.0294
3137304;"Lagoa dos Patos";MG;-16.9822;-44.5800
2924207;"Pedro Alexandre";BA;-10.0120;-37.8949
5106307;"Paranatinga";MT;-14.4255;-54.0532
4123006;"Salto do Lontra";PR;-25.7839;-53.3113
2908408;"Conceição do Coité";BA;-11.5714;-39.2814
3170008;"Ubaí";MG;-16.2882;-44.7809
2102903;"Carutapera";MA;-1.2025;-46.0213
2208502;"Porto";PI;-3.8940;-42.7100
1502152;"Canaã dos Carajás";PA;-6.5318;-49.8498
2405207;"Janduís";RN;-6.0157;-37.4083
3300902;"Cambuci";RJ;-21.5761;-41.9141
2111078;"São João do Soter";MA;-5.1141;-43.8102
2511103;"Pedra Lavrada";PB;-6.7556;-36.4646
5106299;"Paranaíta";MT;-9.6655;-56.4758
2413508;"Serrinha";RN;-6.2792;-35.4981
5213756;"Montividiu";GO;-17.4485;-51.1770
4310504;"Iraí";RS;-27.1966;-53.2490
3529658;"Mesópolis";SP;-19.9663;-50.6190
3105103;"Bambuí";MG;-20.0115;-45.9789
4114807;"Marialva";PR;-23.4853;-51.7904
3113404;"Caratinga";MG;-19.7902;-42.1400
3129103;"Gurinhatã";MG;-19.2146;-49.7873
2900207;"Abaré";BA;-8.7218;-39.1145
1100502;"Novo Horizonte do Oeste";RO;-11.7065;-62.0001
3161809;"São Gonçalo do Pará";MG;-19.9826;-44.8581
2200301;"Alto Longá";PI;-5.2525;-42.2103
3170107;"Uberaba";MG;-19.7487;-47.9509
2111052;"São João do Paraíso";MA;-6.4673;-47.0544
5106281;"Novo São Joaquim";MT;-14.9143;-53.0236
2502904;"Brejo dos Santos";PB;-6.3766;-37.8280
5221908;"Varjão";GO;-17.0451;-49.6310
3202504;"Ibiraçu";ES;-19.8306;-40.3689
4302303;"Bom Jesus";RS;-28.6695;-50.4362
5106273;"Novo Horizonte do Norte";MT;-11.3890;-57.3178
3145307;"Novo Cruzeiro";MG;-17.4671;-41.8793
2802601;"Graccho Cardoso";SE;-10.2282;-37.1971
2405306;"Januário Cicco";RN;-6.1584;-35.6032
4213153;"Planalto Alegre";SC;-27.0719;-52.8659
3537800;"Piedade";SP;-23.7141;-47.4123
5106265;"Novo Mundo";MT;-9.9741;-55.1708
3120904;"Curvelo";MG;-18.7523;-44.4284
3505104;"Barbosa";SP;-21.2678;-49.9503
3537156;"Pedrinhas Paulista";SP;-22.8148;-50.7912
4106605;"Cruzeiro do Oeste";PR;-23.7832;-53.0712
3153608;"Prudente de Morais";MG;-19.4815;-44.1555
3105202;"Bandeira";MG;-15.8866;-40.5598
2200277;"Alegrete do Piauí";PI;-7.2434;-40.8606
1100601;"Cacaulândia";RO;-10.3423;-62.9011
3161908;"São Gonçalo do Rio Abaixo";MG;-19.8265;-43.3597
5106257;"Nova Xavantina";MT;-14.6755;-52.3530
5213707;"Montes Claros de Goiás";GO;-16.0030;-51.3921
3529609;"Meridiano";SP;-20.3562;-50.1773
2610202;"Panelas";PE;-8.6641;-36.0060
2932705;"Uruçuca";BA;-14.5932;-39.2837
3202603;"Iconha";ES;-20.7870;-40.8141
4310579;"Itapuca";RS;-28.7799;-52.1732
5106372;"Pedra Preta";MT;-16.6225;-54.4768
3137106;"Lagamar";MG;-18.1785;-46.8063
1718709;"Rio dos Bois";TO;-9.3446;-48.5351
3300704;"Cabo Frio";RJ;-22.8772;-42.0141
4302402;"Bom Retiro do Sul";RS;-29.6093;-51.9448
3145406;"Olaria";MG;-21.8599;-43.9368
3505203;"Bariri";SP;-22.0764;-48.7391
2208551;"Porto Alegre do Piauí";PI;-6.9704;-44.1992
3153707;"Quartel Geral";MG;-19.2718;-45.5580
3112703;"Capitão Enéas";MG;-16.3247;-43.7094
2307205;"Jati";CE;-7.6884;-39.0063
4106571;"Cruzeiro do Iguaçu";PR;-25.6146;-53.1281
3170057;"Ubaporanga";MG;-19.6374;-42.1073
2602001;"Bodocó";PE;-7.7796;-39.9384
2924504;"Pindaí";BA;-14.4909;-42.6853
3128907;"Guimarânia";MG;-18.8438;-46.7938
2932804;"Utinga";BA;-12.0831;-41.0942
1710508;"Itacajá";TO;-8.3931;-47.7697
4310553;"Itacurubi";RS;-28.7979;-55.2358
3537107;"Pedreira";SP;-22.7422;-46.9018
4302378;"Bom Progresso";RS;-27.5528;-53.8639
2801900;"Cumbe";SE;-10.3547;-37.1829
3137205;"Lagoa da Prata";MG;-20.0230;-45.5442
3300803;"Cachoeiras de Macacu";RJ;-22.4625;-42.6529
2404606;"Ielmo Marinho";RN;-5.8235;-35.5527
3145372;"Novorizonte";MG;-16.0180;-42.4084
5205497;"Cidade Ocidental";GO;-16.1099;-47.9324
5001243;"Aral Moreira";MS;-22.9479;-55.6308
3169901;"Ubá";MG;-21.1201;-42.9425
3104502;"Arinos";MG;-15.9191;-46.1069
4310538;"Itaara";RS;-29.6097;-53.7623
2924603;"Pindobaçu";BA;-10.7430;-40.3619
4310405;"Independência";RS;-27.8503;-54.1885
4302352;"Bom Princípio";RS;-29.4897;-51.3571
5106315;"Novo Santo Antônio";MT;-12.2946;-50.9679
1100403;"Alto Paraíso";RO;-9.7201;-63.3179
2703502;"Jacuípe";AL;-8.8404;-35.4579
3145356;"Novo Oriente de Minas";MG;-17.4153;-41.2183
3528908;"Mariápolis";SP;-21.7984;-51.1816
1600402;"Mazagão";AP;-0.1159;-51.2840
3129004;"Guiricema";MG;-21.0090;-42.7191
4204251;"Cocal do Sul";SC;-28.6014;-49.3255
5205471;"Chapadão do Céu";GO;-18.3967;-52.6690
2610004;"Palmares";PE;-8.6879;-35.5939
3537206;"Pedro de Toledo";SP;-24.2750;-47.2316
3554201;"Tejupá";SP;-23.3434;-49.3767
3112653;"Capitão Andrade";MG;-19.0720;-41.8600
3161700;"São Gonçalo do Abaeté";MG;-18.3393;-45.8377
5221809;"Urutaí";GO;-17.4644;-48.2018
1718006;"Porto Alegre do Tocantins";TO;-11.6098;-47.0484
3202405;"Guarapari";ES;-20.6404;-40.4814
4302204;"Boa Vista do Buricá";RS;-27.6686;-54.1120
1100379;"Alto Alegre dos Parecis";RO;-12.1340;-61.8587
5205455;"Cezarina";GO;-16.9738;-49.7763
3546009;"Santa Branca";SP;-23.3972;-45.8833
3120805;"Cruzília";MG;-21.8416;-44.8102
3505005;"Barão de Antonina";SP;-23.6299;-49.5617
3137536;"Lagoa Grande";MG;-17.8365;-46.5212
3153509;"Alto Jequitibá";MG;-20.4221;-41.9659
4310363;"Imigrante";RS;-29.3546;-51.7781
3529005;"Marília";SP;-22.2199;-49.9479
1709807;"Ipueiras";TO;-11.2402;-48.4444
2601805;"Betânia";PE;-8.2741;-38.0341
3145703;"Oliveira Fortes";MG;-21.3391;-43.4569
2610103;"Palmeirina";PE;-9.0041;-36.3264
4204350;"Cordilheira Alta";SC;-26.9851;-52.6033
2307254;"Jijoca de Jericoacoara";CE;-2.8939;-40.4507
2103257;"Cidelândia";MA;-5.1757;-47.7816
2932606;"Urandi";BA;-14.7679;-42.6553
3300100;"Angra dos Reis";RJ;-23.0090;-44.3194
5106653;"Pontal do Araguaia";MT;-15.9015;-52.2574
1502103;"Cametá";PA;-2.2431;-49.4979
3520806;"Inúbia Paulista";SP;-21.7681;-50.9584
2601904;"Bezerros";PE;-8.2350;-35.7524
4212502;"Penha";SC;-26.7711;-48.6469
3137502;"Lagoa Formosa";MG;-18.7770;-46.4055
2924405;"Pilão Arcado";BA;-10.0004;-42.4826
4310462;"Ipiranga do Sul";RS;-27.9403;-52.4217
2111532;"São Pedro da Água Branca";MA;-5.0833;-48.4299
3553500;"Tapiraí";SP;-23.9657;-47.5046
4302154;"Boa Vista das Missões";RS;-27.6652;-53.3151
3537008;"Pedregulho";SP;-20.2536;-47.4803
2412807;"São Rafael";RN;-5.8028;-36.8869
5106752;"Pontes e Lacerda";MT;-15.2259;-59.3407
1100452;"Buritis";RO;-10.2025;-63.8349
2200251;"Alagoinha do Piauí";PI;-7.0100;-40.9385
4318622;"São José dos Ausentes";RS;-28.7496;-50.0629
3512605;"Coronel Macedo";SP;-23.6313;-49.3137
4310439;"Ipê";RS;-28.8188;-51.2804
4204301;"Concórdia";SC;-27.2314;-52.0230
3545308;"Salto de Pirapora";SP;-23.6605;-47.5809
5205521;"Colinas do Sul";GO;-14.1511;-48.0766
3129301;"Iapu";MG;-19.4369;-42.2157
4318614;"São José do Sul";RS;-29.5377;-51.4842
2916500;"Itapicuru";BA;-11.3108;-38.2202
2111508;"São Mateus do Maranhão";MA;-4.0394;-44.4700
3137601;"Lagoa Santa";MG;-19.6267;-43.8953
4122404;"Rolândia";PR;-23.3149;-51.3664
5205513;"Cocalzinho de Goiás";GO;-15.7846;-48.7702
3170305;"Umburatiba";MG;-17.2550;-40.5701
3202454;"Ibatiba";ES;-20.2349;-41.5103
4318606;"São José do Ouro";RS;-27.7735;-51.5903
5212907;"Marzagão";GO;-17.9819;-48.6410
4302253;"Boa Vista do Sul";RS;-29.3507;-51.6761
3528809;"Maracaí";SP;-22.6140;-50.6668
2703908;"Jundiá";AL;-8.9424;-35.5539
2609402;"Moreno";PE;-8.1185;-35.1013
5221080;"Teresina de Goiás";GO;-13.7757;-47.2644
2208403;"Piripiri";PI;-4.2744;-41.7773
4204152;"Celso Ramos";SC;-27.6348;-51.3363
2908309;"Conceição do Almeida";BA;-12.7772;-39.1703
4317954;"Santo Expedito do Sul";RS;-27.9093;-51.6454
3300159;"Aperibé";RJ;-21.6182;-42.1184
3545407;"Salto Grande";SP;-22.8918;-49.9851
3121100;"Delfim Moreira";MG;-22.5097;-45.2842
4310413;"Inhacorá";RS;-27.8828;-54.0231
4302238;"Boa Vista do Incra";RS;-28.8204;-53.3835
2511004;"Pedra Branca";PB;-7.4268;-38.0683
2103307;"Codó";MA;-4.4528;-43.8876
3129400;"Ibertioga";MG;-21.4310;-43.9631
4114203;"Mandaguari";PR;-23.5282;-51.6706
2916856;"Itatim";BA;-12.7076;-39.6977
3162104;"São Gotardo";MG;-19.3107;-46.0487
5106703;"Ponte Branca";MT;-16.7645;-52.8341
3520608;"Indiana";SP;-22.1773;-51.2538
1501402;"Belém";PA;-1.4554;-48.5051
2601201;"Arcoverde";PE;-8.4210;-37.0547
4212304;"Paulo Lopes";SC;-27.9652;-48.6816
2103174;"Centro Novo do Maranhão";MA;-2.1397;-46.1255
4302220;"Boa Vista do Cadeado";RS;-28.5759;-53.8127
2900108;"Abaíra";BA;-13.2512;-41.6648
4309753;"Ibarama";RS;-29.4242;-53.1269
5001102;"Aquidauana";MS;-20.4593;-55.7813
3121209;"Delfinópolis";MG;-20.3448;-46.8553
3145604;"Oliveira";MG;-20.6971;-44.8279
2200202;"Água Branca";PI;-5.8927;-42.6364
2502805;"Brejo do Cruz";PB;-6.3503;-37.4969
2103158;"Centro do Guilherme";MA;-2.4485;-46.0369
3153905;"Raposos";MG;-19.9679;-43.8043
3512407;"Cordeirópolis";SP;-22.4809;-47.4655
4106001;"Congonhinhas";PR;-23.5499;-50.5539
4204103;"Caxambu do Sul";SC;-27.1617;-52.8790
1501501;"Benevides";PA;-1.3608;-48.2434
3520707;"Indiaporã";SP;-19.9803;-50.2906
4212403;"Pedras Grandes";SC;-28.4363;-49.1840
2307650;"Maracanaú";CE;-3.8621;-38.6232
4317905;"Santo Cristo";RS;-27.8219;-54.6678
4301552;"Áurea";RS;-27.6985;-52.0528
3137403;"Lagoa Dourada";MG;-20.9157;-44.0734
2307635;"Madalena";CE;-4.8504;-39.5723
3104452;"Aricanduva";MG;-17.8680;-42.5563
2916807;"Itarantim";BA;-15.6550;-40.0599
4122206;"Rio Branco do Sul";PR;-25.1923;-49.3129
3553401;"Tanabi";SP;-20.6247;-49.6468
2103125;"Central do Maranhão";MA;-2.1955;-44.8323
2412708;"São Pedro";RN;-5.8976;-35.6341
5212956;"Matrinchã";GO;-15.4367;-50.7440
4309704;"Humaitá";RS;-27.5649;-53.9685
2703700;"Jaramataia";AL;-9.6596;-37.0009
3528858;"Marapoama";SP;-21.2593;-49.1299
3512506;"Coroados";SP;-21.3560;-50.2839
4204202;"Chapecó";SC;-27.1043;-52.6139
3545209;"Salto";SP;-23.2055;-47.2960
3112604;"Capinópolis";MG;-18.6819;-49.5714
4318002;"São Borja";RS;-28.6611;-56.0054
3537404;"Pereira Barreto";SP;-20.6417;-51.1082
3129202;"Heliodora";MG;-22.0670;-45.5421
4114005;"Mamborê";PR;-24.3107;-52.5287
2111409;"São Luís Gonzaga do Maranhão";MA;-4.3772;-44.6735
4204194;"Chapadão do Lageado";SC;-27.5854;-49.5461
4122305;"Rio Negro";PR;-26.0824;-49.8041
5106505;"Poconé";MT;-16.2658;-56.6262
1501451;"Belterra";PA;-2.6376;-54.9423
2404507;"Guamaré";RN;-5.1073;-36.3181
2916906;"Itiruçu";BA;-13.5313;-40.1500
2307601;"Limoeiro do Norte";CE;-5.1481;-38.0995
4301636;"Balneário Pinhal";RS;-30.2572;-50.2390
2703809;"Joaquim Gomes";AL;-9.1360;-35.7482
5205406;"Ceres";GO;-15.3106;-49.6033
4309803;"Ibiaçá";RS;-28.0570;-51.8572
4204178;"Cerro Negro";SC;-27.7964;-50.8748
3104403;"Argirita";MG;-21.6091;-42.8354
2208809;"Regeneração";PI;-6.2383;-42.6892
3529203;"Martinópolis";SP;-22.1492;-51.1714
3121001;"Datas";MG;-18.4470;-43.6587
4105805;"Colombo";PR;-25.2926;-49.2244
2103208;"Chapadinha";MA;-3.7415;-43.3548
1501303;"Barcarena";PA;-1.5047;-48.6257
4114104;"Mandaguaçu";PR;-23.3465;-52.0956
2908705;"Condeúba";BA;-14.8975;-41.9677
3201803;"Divino de São Lourenço";ES;-20.6204;-41.6855
2511400;"Picuí";PB;-6.5088;-36.3512
3545159;"Saltinho";SP;-22.8463;-47.6759
1100809;"Candeias do Jamari";RO;-8.7966;-63.7006
2200608;"Angical do Piauí";PI;-6.0831;-42.7345
1717909;"Ponte Alta do Tocantins";TO;-10.7465;-47.5388
4301602;"Bagé";RS;-31.3312;-54.1071
2404853;"Itajá";RN;-5.6435;-36.8710
3504404;"Avanhandava";SP;-21.4605;-49.9501
4212700;"Petrolândia";SC;-27.5329;-49.6993
4105904;"Colorado";PR;-22.8363;-51.9715
3521002;"Iperó";SP;-23.3521;-47.6941
2703759;"Jequiá da Praia";AL;-10.0118;-36.0234
2900504;"Érico Cardoso";BA;-13.4174;-42.1403
2503209;"Cabedelo";PB;-6.9769;-34.8293
2110708;"São Domingos do Maranhão";MA;-5.5785;-44.3847
4317806;"Santo Augusto";RS;-27.8506;-53.7776
4204509;"Corupá";SC;-26.4259;-49.2436
2932002;"Uauá";BA;-9.8437;-39.4829
2413003;"São Vicente";RN;-6.2169;-36.6822
3512803;"Cosmópolis";SP;-22.6453;-47.1962
5204706;"Campinorte";GO;-14.3135;-49.1523
1701903;"Araguacema";TO;-8.8063;-49.5570
2916708;"Itaquara";BA;-13.4526;-39.9403
2703106;"Igaci";AL;-9.5338;-36.6301
2307403;"Jucás";CE;-6.5225;-39.5220
2900355;"Adustina";BA;-10.5373;-38.1170
2601052;"Araçoiaba";PE;-7.7892;-35.0916
2102507;"Cajari";MA;-3.3210;-45.0104
2923803;"Paripiranga";BA;-10.6817;-37.8648
4309605;"Horizontina";RS;-27.6275;-54.3085
5105903;"Nobres";MT;-14.7264;-56.3425
4122602;"Rondon";PR;-23.4153;-52.7659
4204608;"Criciúma";SC;-28.6778;-49.3693
2908507;"Conceição do Jacuípe";BA;-12.3278;-38.7628
5204805;"Campo Alegre de Goiás";GO;-17.6337;-47.7793
2208601;"Prata do Piauí";PI;-5.6665;-42.2049
3113008;"Caraí";MG;-17.1878;-41.6983
2413102;"Senador Elói de Souza";RN;-6.0358;-35.6927
3512902;"Cosmorama";SP;-20.4784;-49.7764
5221007;"Taquaral de Goiás";GO;-16.0534;-49.6036
3545605;"Santa Adélia";SP;-21.2453;-48.8064
2307502;"Lavras da Mangabeira";CE;-6.7544;-38.9633
2511202;"Pedras de Fogo";PB;-7.4018;-35.1157
4301404;"Arvorezinha";RS;-28.8771;-52.1803
4114401;"Mangueirinha";PR;-25.9376;-52.1735
2802205;"Feira Nova";SE;-10.2645;-37.3107
2404903;"Itaú";RN;-5.8420;-37.9929
3504206;"Auriflama";SP;-20.6878;-50.5543
2200400;"Altos";PI;-5.0396;-42.4598
3104809;"Augusto de Lima";MG;-18.1103;-44.2665
2208700;"Redenção do Gurguéia";PI;-9.4875;-44.5843
2609303;"Mirandiba";PE;-8.1193;-38.7292
2900306;"Acajutiba";BA;-11.6611;-38.0191
3144904;"Nova Módica";MG;-18.4432;-41.5008
4106209;"Contenda";PR;-25.6782;-49.5367
2908606;"Conde";BA;-11.8125;-37.6086
3170206;"Uberlândia";MG;-18.9121;-48.2567
5212808;"Mara Rosa";GO;-14.0169;-49.1791
2503001;"Caaporã";PB;-7.5155;-34.9175
2931806;"Tremedal";BA;-14.9759;-41.4094
3201704;"Conceição do Castelo";ES;-20.3575;-41.2448
2511301;"Piancó";PB;-7.1988;-37.9286
4301503;"Augusto Pestana";RS;-28.5143;-53.9897
4114500;"Manoel Ribas";PR;-24.5185;-51.6642
2200509;"Amarante";PI;-6.2448;-42.8529
1600055;"Serra do Navio";AP;0.9012;-52.0026
4204558;"Correia Pinto";SC;-27.5924;-50.3603
3504305;"Avaí";SP;-22.1562;-49.3328
4212601;"Peritiba";SC;-27.3734;-51.9053
1100700;"Campo Novo de Rondônia";RO;-10.5680;-63.6201
3300308;"Barra do Piraí";RJ;-22.4670;-43.8275
2900405;"Água Fria";BA;-11.8697;-38.7628
3162005;"São Gonçalo do Sapucaí";MG;-21.8925;-45.5953
1718303;"Praia Norte";TO;-5.3954;-47.8107
4106308;"Corbélia";PR;-24.7956;-53.2934
3553856;"Taquarivaí";SP;-23.9266;-48.7017
2923605;"Paramirim";BA;-13.4409;-42.2385
2601102;"Araripina";PE;-7.5785;-40.5014
3145000;"Nova Ponte";MG;-19.1687;-47.6719
4122651;"Rosário do Ivaí";PR;-24.2555;-51.2513
2503100;"Cabaceiras";PB;-7.4883;-36.2858
2931905;"Tucano";BA;-10.9689;-38.7884
2102556;"Campestre do Maranhão";MA;-6.1738;-47.3657
5204607;"Campestre de Goiás";GO;-16.7618;-49.6941
2306801;"Jaguaribara";CE;-5.4613;-38.4619
4309654;"Hulha Negra";RS;-31.4076;-53.8709
3512704;"Corumbataí";SP;-22.2206;-47.6264
2412906;"São Tomé";RN;-5.9748;-36.0732
4204400;"Coronel Freitas";SC;-26.9096;-52.7037
1100031;"Cabixi";RO;-13.4945;-60.5429
4318200;"São Francisco de Paula";RS;-29.4472;-50.5814
3300407;"Barra Mansa";RJ;-22.5410;-44.1768
2208650;"Queimada Nova";PI;-8.5822;-41.4180
3153806;"Queluzito";MG;-20.7396;-43.8849
3112802;"Capitólio";MG;-20.6152;-46.0506
1100023;"Ariquemes";RO;-9.9120;-63.0338
2802007;"Divina Pastora";SE;-10.6783;-37.1485
3136801;"Juramento";MG;-16.8509;-43.5878
2923704;"Paratinga";BA;-12.6933;-43.1856
2200459;"Alvorada do Gurguéia";PI;-8.4432;-43.8649
2907905;"Cipó";BA;-11.0978;-38.5150
3169505;"Tumiritinga";MG;-18.9781;-41.6479
1100015;"Alta Floresta D'Oeste";RO;-11.9330;-62.0037
2404705;"Ipanguaçu";RN;-5.5074;-36.8586
4310009;"Ibirubá";RS;-28.6275;-53.0911
5000708;"Anastácio";MS;-20.4842;-55.8056
3553807;"Taquarituba";SP;-23.5340;-49.2392
3104601;"Astolfo Dutra";MG;-21.3136;-42.8621
3112901;"Caputira";MG;-20.1723;-42.2705
3128600;"Guarda-Mor";MG;-17.7709;-47.1013
4114302;"Mandirituba";PR;-25.7784;-49.3270
3161304;"São Francisco de Sales";MG;-19.8596;-49.7655
1501758;"Brejo Grande do Araguaia";PA;-5.7042;-48.4065
3169604;"Tupaciguara";MG;-18.6006;-48.6911
3202009;"Dores do Rio Preto";ES;-20.6907;-41.8494
5204557;"Caldazinha";GO;-16.7145;-49.0013
2802106;"Estância";SE;-11.2682;-37.4378
2102374;"Cachoeira Grande";MA;-2.9277;-44.0613
5221403;"Trindade";GO;-16.6556;-49.4917
2404804;"Ipueira";RN;-6.8154;-37.1983
3537305;"Penápolis";SP;-21.4194;-50.0766
2207959;"Nova Santa Rita";PI;-8.0750;-42.0483
4301800;"Barracão";RS;-27.6790;-51.4581
3120409;"Cristiano Otoni";MG;-20.8304;-43.8050
3144805;"Nova Lima";MG;-19.9855;-43.8474
4212650;"Pescaria Brava";SC;-28.3844;-48.8664
3553658;"Taquaral";SP;-21.0725;-48.4108
3104700;"Ataléia";MG;-18.0434;-41.1108
1701101;"Aparecida do Rio Negro";TO;-9.9531;-47.9755
2102358;"Buritirana";MA;-5.5920;-47.0182
4106100;"Conselheiro Mairinck";PR;-23.6225;-50.1681
3300225;"Areal";RJ;-22.2318;-43.1010
3504602;"Bady Bassitt";SP;-20.9198;-49.4467
2609709;"Orobó";PE;-7.7480;-35.6037
3153103;"Presidente Bernardes";MG;-20.7688;-43.1875
2110658;"São Domingos do Azeitão";MA;-6.8125;-44.6444
4204459;"Coronel Martins";SC;-26.5133;-52.6680
3161403;"São Francisco do Glória";MG;-20.7901;-42.2696
1100098;"Espigão D'Oeste";RO;-11.5347;-61.0164
3202108;"Ecoporanga";ES;-18.3730;-40.8326
1501725;"Brasil Novo";PA;-3.3028;-52.5403
5204656;"Campinaçu";GO;-13.7892;-48.5707
3529104;"Marinópolis";SP;-20.4409;-50.8236
2932200;"Ubaitaba";BA;-14.3078;-39.3236
3136603;"Nova União";MG;-19.6899;-43.5791
3300209;"Araruama";RJ;-22.8773;-42.3400
1100080;"Costa Marques";RO;-12.4384;-64.2292
1718204;"Porto Nacional";TO;-10.7078;-48.4119
1501709;"Bragança";PA;-1.0673;-46.7621
2601508;"Belém de Maria";PE;-8.6234;-35.8427
2510659;"Parari";PB;-7.3179;-36.6542
3504701;"Balbinos";SP;-21.9017;-49.3566
1100072;"Corumbiara";RO;-13.0092;-61.1279
2924009;"Paulo Afonso";BA;-9.3993;-38.2269
5213053;"Mimoso de Goiás";GO;-15.0585;-48.1617
1100064;"Colorado do Oeste";RO;-13.1212;-60.5437
3153202;"Presidente Juscelino";MG;-18.6388;-44.0599
3520905;"Ipaussu";SP;-23.0530;-49.6271
4301875;"Barra do Quaraí";RS;-30.2107;-57.5559
3553609;"Tapiratiba";SP;-21.4678;-46.7494
2801405;"Carira";SE;-10.3603;-37.7012
1100056;"Cerejeiras";RO;-13.1864;-60.8117
3128402;"Guarani";MG;-21.3591;-43.0491
3536604;"Paulo de Faria";SP;-20.0312;-49.3998
3136702;"Juiz de Fora";MG;-21.7577;-43.3444
2110609;"São Bernardo";MA;-3.3620;-42.4212
4114351;"Manfrinópolis";PR;-26.1451;-53.3125
2404101;"Galinhos";RN;-5.0915;-36.2748
1100049;"Cacoal";RO;-11.4356;-61.4512
3169406;"Três Pontas";MG;-21.3664;-45.5127
2916104;"Itaparica";BA;-12.8859;-38.6834
2703007;"Ibateguara";AL;-8.9720;-35.9274
4301859;"Barra do Guarita";RS;-27.1876;-53.7148
5221197;"Terezópolis de Goiás";GO;-16.4830;-49.0939
2208007;"Picos";PI;-7.0850;-41.4657
3553708;"Taquaritinga";SP;-21.4065;-48.5047
3120201;"Cristais";MG;-20.8770;-45.5165
3528403;"Mairinque";SP;-23.5472;-47.1836
4122503;"Roncador";PR;-24.5955;-52.2740
3536703;"Pederneiras";SP;-22.3533;-48.7763
2102408;"Cajapió";MA;-2.8816;-44.6753
3128501;"Guarará";MG;-21.7324;-43.0385
3161205;"São Francisco de Paula";MG;-20.7103;-44.9849
1717503;"Pium";TO;-10.4432;-49.1797
2609501;"Nazaré da Mata";PE;-7.7430;-35.2270
5213004;"Maurilândia";GO;-17.9743;-50.3382
5221304;"Três Ranchos";GO;-18.3540;-47.7828
4318051;"São Domingos do Sul";RS;-28.5296;-51.8888
2510600;"Ouro Velho";PB;-7.6208;-37.1512
5106182;"Nova Lacerda";MT;-14.4775;-59.5863
3201902;"Domingos Martins";ES;-20.3616;-40.6589
4301701;"Barão de Cotegipe";RS;-27.6222;-52.3789
3504503;"Avaré";SP;-23.0989;-48.9255
3136652;"Juatuba";MG;-19.9540;-44.3414
5204953;"Campos Verdes";GO;-14.2728;-49.6576
3120300;"Cristália";MG;-16.7113;-42.8635
3300258;"Arraial do Cabo";RJ;-22.9693;-42.0260
5106174;"Nova Nazaré";MT;-13.9882;-51.8003
3145208;"Nova Serrana";MG;-19.8759;-44.9850
3169356;"Três Marias";MG;-18.2057;-45.2280
3545506;"Sandovalina";SP;-22.4560;-51.7652
3153004;"Pratinha";MG;-19.7530;-46.3819
3520202;"Igaratá";SP;-23.2068;-46.1544
2207850;"Pavussu";PI;-7.9667;-43.2239
2601300;"Barra de Guabiraba";PE;-8.4215;-35.6636
3528502;"Mairiporã";SP;-23.3200;-46.5878
2502409;"Bonito de Santa Fé";PB;-7.3148;-38.5168
2609600;"Olinda";PE;-8.0183;-34.8522
5213103;"Mineiros";GO;-17.5703;-52.5515
2924058;"Pé de Serra";BA;-11.8360;-39.6156
1709302;"Guaraí";TO;-8.8366;-48.5110
2932101;"Ubaíra";BA;-13.2697;-39.6625
5106158;"Nova Bandeirantes";MT;-9.8503;-57.8153
5205059;"Castelândia";GO;-18.0894;-50.2233
2102754;"Capinzal do Norte";MA;-4.7240;-44.3272
3300233;"Armação dos Búzios";RJ;-22.7583;-41.8862
3137007;"Ladainha";MG;-17.6317;-41.7409
5213087;"Minaçu";GO;-13.5314;-48.2199
2601409;"Barreiros";PE;-8.8133;-35.1971
3520301;"Iguape";SP;-24.7086;-47.5565
1501600;"Bonito";PA;-1.3628;-47.3059
3553005;"Taguaí";SP;-23.4523;-49.4107
4301651;"Barão";RS;-29.3753;-51.5006
2923902;"Pau Brasil";BA;-15.4648;-39.6520
4309951;"Ibirapuitã";RS;-28.6246;-52.5113
2111029;"São João do Carú";MA;-3.5547;-46.2583
5220603;"Silvânia";GO;-16.6592;-48.6074
2703304;"Inhapi";AL;-9.2229;-37.7473
2207934;"Pedro Laurentino";PI;-8.0678;-42.2888
3536505;"Paulínia";SP;-22.7618;-47.1545
3128808;"Guidoval";MG;-21.1513;-42.7993
3112208;"Capela Nova";MG;-20.9238;-43.6181
4212007;"Palma Sola";SC;-26.3514;-53.2775
2412302;"São José do Campestre";RN;-6.3187;-35.7120
3512100;"Colômbia";SP;-20.1778;-48.6887
1501576;"Bom Jesus do Tocantins";PA;-5.0485;-48.6070
2916005;"Itanhém";BA;-17.1717;-40.3299
5106240;"Nova Ubiratã";MT;-13.0357;-55.2470
2306702;"Jaguaretama";CE;-5.6136;-38.7631
3544806;"Sales";SP;-21.3411;-49.4986
2111003;"São João Batista";MA;-2.9599;-44.7955
5106232;"Nova Olímpia";MT;-14.7794;-57.2838
4318101;"São Francisco de Assis";RS;-29.5507;-55.1303
3112059;"Cantagalo";MG;-18.5244;-42.6278
5106224;"Nova Mutum";MT;-13.8167;-56.0878
3528304;"Magda";SP;-20.6443;-50.2266
4301750;"Barão do Triunfo";RS;-30.3901;-51.7358
2703403;"Jacaré dos Homens";AL;-9.6364;-37.2063
3120607;"Crucilândia";MG;-20.3929;-44.3379
4121802;"Ribeirão Claro";PR;-23.1954;-49.7566
1701051;"Angico";TO;-6.3872;-47.8668
3104007;"Araxá";MG;-19.5984;-46.9491
5205000;"Carmo do Rio Verde";GO;-15.3628;-49.6995
2207900;"Pedro II";PI;-4.4258;-41.4589
4203808;"Canoinhas";SC;-26.1775;-50.3909
5106216;"Nova Canaã do Norte";MT;-10.6406;-55.7097
2907806;"Cícero Dantas";BA;-10.5920;-38.3856
1500909;"Augusto Corrêa";PA;-1.0218;-46.6359
2600708;"Aliança";PE;-7.6028;-35.2302
5106208;"Nova Brasilândia";MT;-14.9321;-54.9747
2510501;"Olivedos";PB;-6.9895;-36.2430
2102804;"Carolina";MA;-7.3348;-47.4734
5000609;"Amambai";MS;-23.1055;-55.2317
3161601;"São Geraldo da Piedade";MG;-18.8440;-42.2887
4113734;"Luiziana";PR;-24.2872;-52.2747
4309902;"Ibiraiaras";RS;-28.3733;-51.6383
3520103;"Igarapava";SP;-20.0386;-47.7476
1100288;"Rolim de Moura";RO;-11.7251;-61.5543
5204854;"Campo Limpo de Goiás";GO;-16.2984;-49.0873
4121901;"Ribeirão do Pinhal";PR;-23.4067;-50.3597
4220000;"Balneário Rincão";SC;-28.8310;-49.2310
3120706;"Cruzeiro da Fortaleza";MG;-18.9465;-46.6731
5106190;"Nova Santa Helena";MT;-10.8489;-55.1771
2502300;"Bom Sucesso";PB;-6.4441;-37.9298
3536570;"Paulistânia";SP;-22.5743;-49.3990
3153400;"Presidente Olegário";MG;-18.4185;-46.4201
2412104;"São João do Sabugi";RN;-6.7184;-37.2008
3511904;"Clementina";SP;-21.5589;-50.4492
4301057;"Arroio do Sal";RS;-29.5488;-49.8875
4113700;"Londrina";PR;-23.3355;-51.1506
1100262;"Rio Crespo";RO;-9.7054;-62.8983
4317400;"Santiago";RS;-29.1908;-54.8658
1701002;"Ananás";TO;-6.3741;-48.0702
3136900;"Juruaia";MG;-21.2530;-46.5776
2110807;"São Félix de Balsas";MA;-7.0836;-44.8128
4211801;"Ouro";SC;-27.3421;-51.6168
1100254;"Presidente Médici";RO;-11.1698;-61.9041
2200053;"Acauã";PI;-8.2147;-41.0833
4105508;"Cianorte";PR;-23.6543;-52.6124
2916302;"Itapebi";BA;-15.9683;-39.5346
4309209;"Gravataí";RS;-29.9433;-50.9938
2703205;"Igreja Nova";AL;-10.1285;-36.6567
3145059;"Nova Porteirinha";MG;-15.8045;-43.2990
2412203;"São José de Mipibu";RN;-6.0731;-35.2387
4317509;"Santo Ângelo";RS;-28.3004;-54.2668
3128709;"Guaxupé";MG;-21.3056;-46.7122
3112109;"Caparaó";MG;-20.5248;-41.9050
3544707;"Sagres";SP;-21.8835;-50.9575
3512001;"Colina";SP;-20.7150;-48.5417
4203600;"Campos Novos";SC;-27.4015;-51.2266
2208205;"Pio IX";PI;-6.8361;-40.6149
4211900;"Palhoça";SC;-27.6457;-48.6676
3536901;"Pedranópolis";SP;-20.2498;-50.1099
2102606;"Cândido Mendes";MA;-1.4556;-45.7282
2510808;"Patos";PB;-7.0264;-37.2768
1500958;"Aurora do Pará";PA;-2.1293;-47.5662
2110906;"São Francisco do Maranhão";MA;-6.2510;-42.8571
2307106;"Jardim";CE;-7.5814;-39.2836
4121703;"Reserva";PR;-24.6500;-50.8490
5106000;"Nortelândia";MT;-14.4536;-56.8040
4211892;"Painel";SC;-27.9205;-50.1032
1100346;"Alvorada D'Oeste";RO;-11.3547;-62.2845
4301008;"Arroio do Meio";RS;-29.4013;-51.9448
2801306;"Capela";SE;-10.5048;-37.0552
5204904;"Campos Belos";GO;-13.0366;-46.7727
2916401;"Itapetinga";BA;-15.2451;-40.2483
4309308;"Guaíba";RS;-30.1140;-51.3293
3120508;"Cristina";MG;-22.2100;-45.2629
3161650;"São Geraldo do Baixio";MG;-18.9168;-41.3589
1100338;"Nova Mamoré";RO;-10.4174;-65.3321
2404002;"Frutuoso Gomes";RN;-6.1605;-37.8411
4203709;"Canelinha";SC;-27.2664;-48.7671
3103900;"Araújos";MG;-19.9499;-45.1683
2208304;"Piracuruca";PI;-3.9347;-41.7105
4211876;"Paial";SC;-27.2568;-52.4994
3528700;"Marabá Paulista";SP;-22.1104;-51.9652
2502607;"Igaracy";PB;-7.1789;-38.1483
2608909;"Limoeiro";PE;-7.8806;-35.4563
5106109;"Nossa Senhora do Livramento";MT;-15.7746;-56.3466
2102705;"Cantanhede";MA;-3.6342;-44.3768
1500800;"Ananindeua";PA;-1.3665;-48.3720
2510907;"Paulista";PB;-6.5937;-37.6242
1100320;"São Miguel do Guaporé";RO;-11.6890;-62.7152
3201308;"Cariacica";ES;-20.3338;-40.3776
2908200;"Conceição da Feira";BA;-12.5029;-39.0007
4301107;"Arroio dos Ratos";RS;-30.0893;-51.7270
3169802;"Turvolândia";MG;-21.8764;-45.7869
3136959;"Juvenília";MG;-14.2696;-44.1615
4113502;"Loanda";PR;-22.9207;-53.1363
5220454;"Senador Canedo";GO;-16.7083;-49.0928
2931400;"Teodoro Sampaio";BA;-12.3057;-38.6409
3520509;"Indaiatuba";SP;-23.0928;-47.2296
1100304;"Vilhena";RO;-12.7351;-60.1348
2200103;"Agricolândia";PI;-5.7968;-42.6619
2110856;"São Francisco do Brejão";MA;-5.1253;-47.3896
4211850;"Ouro Verde";SC;-26.6947;-52.3116
3503901;"Arujá";SP;-23.3958;-46.3230
1100296;"Santa Luzia D'Oeste";RO;-11.9079;-61.7846
2923209;"Oliveira dos Brejinhos";BA;-12.3163;-42.8959
2931509;"Teofilândia";BA;-11.4895;-38.9998
2608750;"Lagoa Grande";PE;-8.9974;-40.2724
4105300;"Céu Azul";PR;-25.1491;-53.8497
2502706;"Borborema";PB;-6.8068;-35.5998
2110203;"Santa Rita";MA;-3.1413;-44.3262
5212253;"Lagoa Santa";GO;-19.1847;-51.4025
4113601;"Lobato";PR;-23.0083;-51.9531
4309258;"Guabiju";RS;-28.5373;-51.6905
1100155;"Ouro Preto do Oeste";RO;-10.7192;-62.2555
3145109;"Nova Resende";MG;-21.1265;-46.4212
4317301;"Santa Vitória do Palmar";RS;-33.5214;-53.3695
3512308;"Conchas";SP;-23.0135;-48.0092
4309126;"Gramado dos Loureiros";RS;-27.4446;-52.9171
4301073;"Arroio do Padre";RS;-31.4415;-52.4191
2412500;"São Miguel";RN;-6.2126;-38.4982
1100148;"Nova Brasilândia D'Oeste";RO;-11.7198;-62.3177
5204201;"Cachoeira de Goiás";GO;-16.6677;-50.6471
2916203;"Itapé";BA;-14.8974;-39.4278
3112406;"Capetinga";MG;-20.6187;-47.0569
2306900;"Jaguaribe";CE;-5.8889;-38.6233
4212205;"Papanduva";SC;-26.4075;-50.1444
4105409;"Chopinzinho";PR;-25.8525;-52.5265
2923308;"Ouriçangas";BA;-12.0111;-38.6285
4121752;"Reserva do Iguaçu";PR;-25.8344;-52.0282
4309100;"Gramado";RS;-29.3788;-50.8710
2404309;"Governador Dix-Sept Rosado";RN;-5.4586;-37.5194
2102002;"Bom Jardim";MA;-3.5458;-45.6055
3552908;"Taciba";SP;-22.3905;-51.2847
2412609;"São Paulo do Potengi";RN;-5.8945;-35.7644
1100130;"Machadinho D'Oeste";RO;-9.4657;-62.2562
1500859;"Anapu";PA;-3.4700;-51.2022
2208106;"Pimenteiras";PI;-6.2387;-41.4200
5007976;"Taquarussu";MS;-22.4869;-53.3503
2307007;"Jaguaruana";CE;-4.8376;-37.7824
3104205;"Arcos";MG;-20.2853;-45.5404
2510709;"Passagem";PB;-7.1373;-37.0475
4204004;"Catanduvas";SC;-27.0698;-51.6614
1100122;"Ji-Paraná";RO;-10.8768;-61.9575
3112505;"Capim Branco";MG;-19.5486;-44.1338
2908002;"Coaraci";BA;-14.6406;-39.5494
1100114;"Jaru";RO;-10.4382;-62.4616
5220504;"Serranópolis";GO;-18.3065;-51.9608
4122107;"Rio Bom";PR;-23.7607;-51.4116
3201100;"Bom Jesus do Norte";ES;-21.1315;-41.6765
4300901;"Aratiba";RS;-27.3935;-52.3015
2404408;"Grossos";RN;-4.9828;-37.1536
1100106;"Guajará-Mirim";RO;-10.7871;-65.3401
3503703;"Ariranha";SP;-21.1876;-48.7859
2110278;"Santo Amaro do Maranhão";MA;-2.5002;-43.2539
2702553;"Estrela de Alagoas";AL;-9.3902;-36.7587
2801702;"Cristinápolis";SE;-11.4753;-37.7558
2101970;"Boa Vista do Gurupi";MA;-1.7953;-46.3087
3144409;"Natércia";MG;-22.1193;-45.5126
2502508;"Boqueirão";PB;-7.4809;-36.1291
5007950;"Tacuru";MS;-23.6404;-55.0189
3169703;"Turmalina";MG;-17.2869;-42.7319
3104304;"Areado";MG;-21.3570;-46.1471
2608800;"Lajedo";PE;-8.6613;-36.3236
2908101;"Cocos";BA;-14.1786;-44.5324
3201209;"Cachoeiro de Itapemirim";ES;-20.8487;-41.1130
5212303;"Leopoldo de Bulhões";GO;-16.6199;-48.7432
4113908;"Mallet";PR;-25.8842;-50.8268
2931301;"Tapiramutá";BA;-11.8477;-40.7899
2412559;"São Miguel do Gostoso";RN;-5.1228;-35.6357
4300877;"Araricá";RS;-29.6158;-50.9279
4212270;"Passos Maia";SC;-26.7796;-52.0600
2102077;"Bom Lugar";MA;-4.3706;-45.0348
1100205;"Porto Velho";RO;-9.6462;-63.9599
3136207;"João Monlevade";MG;-19.8108;-43.1763
2600609;"Alagoinha";PE;-8.4663;-36.7754
3144508;"Nazareno";MG;-21.2167;-44.6141
3503802;"Artur Nogueira";SP;-22.5734;-47.1730
5204250;"Cachoeira Dourada";GO;-18.4948;-49.4734
4309159;"Gramado Xavier";RS;-29.2675;-52.5793
2110237;"Santana do Maranhão";MA;-3.1181;-42.4132
4212254;"Passo de Torres";SC;-29.3251;-49.7218
3161502;"São Geraldo";MG;-20.9227;-42.8334
1100189;"Pimenta Bueno";RO;-11.6707;-61.1888
1717800;"Ponte Alta do Bom Jesus";TO;-12.0920;-46.4791
2923100;"Olindina";BA;-11.3574;-38.3277
2306306;"Itapajé";CE;-3.6847;-39.5857
2609154;"Manari";PE;-8.9633;-37.6260
1701309;"Aragominas";TO;-7.1666;-48.5257
4212239;"Paraíso";SC;-26.6151;-53.6739
4105706;"Clevelândia";PR;-26.4055;-52.3543
3112307;"Capelinha";MG;-17.6926;-42.5169
2412401;"São José do Seridó";RN;-6.4499;-36.8786
5204102;"Cachoeira Alta";GO;-18.7610;-50.9461
4122172;"Rio Branco do Ivaí";PR;-24.3167;-51.3138
3201159;"Brejetuba";ES;-20.1436;-41.2875
3136306;"João Pinheiro";MG;-17.7400;-46.1741
2102036;"Bom Jesus das Selvas";MA;-4.4878;-46.8496
3153301;"Presidente Kubitschek";MG;-18.6144;-43.5625
2801504;"Carmópolis";SE;-10.6485;-36.9849
5008008;"Terenos";MS;-20.4405;-54.8650
3169000;"Tocantins";MG;-21.1751;-43.0199
4122156;"Rio Bonito do Iguaçu";PR;-25.4906;-52.5257
2702603;"Feira Grande";AL;-9.9008;-36.6777
2404200;"Goianinha";RN;-6.2703;-35.2104
4203907;"Capinzal";SC;-27.3427;-51.6128
4309506;"Guarani das Missões";RS;-28.1422;-54.5593
3104106;"Arceburgo";MG;-21.3649;-46.9416
3128105;"Guapé";MG;-20.7597;-45.9169
2306256;"Itaitinga";CE;-3.9749;-38.5188
2609105;"Machados";PE;-7.6838;-35.5153
3553302;"Tambaú";SP;-21.7054;-47.2748
2801603;"Cedro de São João";SE;-10.2507;-36.8814
1501253;"Bannach";PA;-7.3531;-50.4081
3160801;"São Bento Abade";MG;-21.5836;-45.0739
2931350;"Teixeira de Freitas";BA;-17.5385;-39.7389
3201506;"Colatina";ES;-19.5379;-40.6345
4301305;"Arroio Grande";RS;-32.2385;-53.0862
2110039;"Santa Luzia do Paruá";MA;-2.5437;-45.7753
4212056;"Palmeira";SC;-27.5843;-50.1599
3504107;"Atibaia";SP;-23.1160;-46.5483
3536802;"Pedra Bela";SP;-22.7937;-46.4432
3144300;"Nanuque";MG;-17.8390;-40.3508
5105259;"Lucas do Rio Verde";MT;-13.0921;-55.9248
3119906;"Córrego do Bom Jesus";MG;-22.6300;-46.0197
3545100;"Salmourão";SP;-21.6254;-50.8607
2600906;"Amaraji";PE;-8.3785;-35.4513
3520442;"Ilha Solteira";SP;-20.4264;-51.3440
2931707;"Terra Nova";BA;-12.4089;-38.6233
2609204;"Maraial";PE;-8.7842;-35.8125
3152600;"Pouso Alto";MG;-22.1948;-44.9725
5212709;"Mambaí";GO;-14.4885;-46.1131
3160900;"São Brás do Suaçuí";MG;-20.6271;-43.9511
4317756;"Santo Antônio do Planalto";RS;-28.3993;-52.6917
3136108;"Joanésia";MG;-19.1739;-42.6809
3201605;"Conceição da Barra";ES;-18.5945;-39.7311
3528601;"Manduri";SP;-23.0038;-49.3227
3520426;"Ilha Comprida";SP;-24.7376;-47.5318
4309571;"Herveiras";RS;-29.4539;-52.6526
3169059;"Tocos do Moji";MG;-22.3712;-46.0966
5105234;"Lambari D'Oeste";MT;-15.3169;-58.0065
2207553;"Paquetá";PI;-7.1011;-41.7023
3152709;"Prados";MG;-21.0584;-44.0782
1501204;"Baião";PA;-2.7913;-49.6725
2601003;"Angelim";PE;-8.8897;-36.2834
2923506;"Palmeiras";BA;-12.5150;-41.5742
4309555;"Harmonia";RS;-29.5522;-51.4168
3127909;"Grupiara";MG;-18.4933;-47.7232
3520400;"Ilhabela";SP;-23.8144;-45.3655
2101939;"Bernardo do Mearim";MA;-4.6351;-44.7642
4203956;"Capivari de Baixo";SC;-28.4477;-48.9553
3536109;"Pardinho";SP;-23.0815;-48.3740
3553104;"Taiaçu";SP;-21.1456;-48.5139
3144375;"Natalândia";MG;-16.5069;-46.4946
4113759;"Lunardelli";PR;-24.0803;-51.7446
5000252;"Alcinópolis";MS;-18.3288;-53.7135
1709500;"Gurupi";TO;-11.7271;-49.0632
2110104;"Santa Quitéria do Maranhão";MA;-3.5013;-42.5629
3512209;"Conchal";SP;-22.3322;-47.1725
4317707;"Santo Antônio das Missões";RS;-28.5110;-55.2290
2915601;"Itamaraju";BA;-17.0434;-39.5386
2702504;"Dois Riachos";AL;-9.3863;-37.0895
3144359;"Naque";MG;-19.2260;-42.3303
3119708;"Coronel Xavier Chaves";MG;-21.0229;-44.2257
5220702;"Sítio d'Abadia";GO;-14.8052;-46.2528
3128006;"Guanhães";MG;-18.7753;-42.9338
4212106;"Palmitos";SC;-27.0716;-53.1597
3544905;"Sales Oliveira";SP;-20.7703;-47.8386
3553203;"Taiúva";SP;-21.1264;-48.4522
5008404;"Vicentina";MS;-22.4109;-54.4405
2207504;"Palmeirais";PI;-5.9775;-43.0608
3527900;"Lutécia";SP;-22.3393;-50.3918
5105309;"Luciara";MT;-11.2213;-50.6673
2609006;"Macaparana";PE;-7.5562;-35.4530
3201407;"Castelo";ES;-20.6045;-41.2034
2101905;"Bequimão";MA;-2.4493;-44.7830
5220686;"Simolândia";GO;-14.4739;-46.4835
3160702;"Santos Dumont";MG;-21.4561;-43.5528
4211454;"Nova Itaberaba";SC;-26.9411;-52.8135
2907400;"Catolândia";BA;-12.3137;-44.8625
2510105;"Nova Floresta";PB;-6.4577;-36.2047
4317558;"Santo Antônio do Palma";RS;-28.4966;-52.0248
5212501;"Luziânia";GO;-16.2536;-47.9500
3119807;"Córrego Danta";MG;-19.8236;-45.9042
2207355;"Pajeú do Piauí";PI;-7.8559;-42.8220
1304302;"Urucará";AM;-2.5374;-57.7618
3519709;"Ibiúna";SP;-23.6510;-47.2179
2600807;"Altinho";PE;-8.4903;-36.0606
5000203;"Água Clara";MS;-20.4431;-52.8832
1501006;"Aveiro";PA;-3.6044;-55.3320
3545001;"Salesópolis";SP;-23.5309;-45.8466
4122008;"Rio Azul";PR;-25.7233;-50.7882
3144706;"Nova Era";MG;-19.7669;-43.0354
4219606;"Xavantina";SC;-27.0692;-52.3422
3152501;"Pouso Alegre";MG;-22.2309;-45.9361
4203253;"Capão Alto";SC;-27.9368;-50.5110
2501906;"Belém";PB;-6.6966;-35.5378
5212600;"Mairipotaba";GO;-17.2973;-49.4948
3511508;"Cerquilho";SP;-23.1613;-47.7443
3519808;"Icém";SP;-20.3412;-49.1979
2915403;"Itaju do Colônia";BA;-15.1415;-39.7230
1501105;"Bagre";PA;-1.9008;-50.2117
3136504;"Jordânia";MG;-15.8990;-40.1775
4211405;"Nova Erechim";SC;-26.9035;-52.9069
4113809;"Lupionópolis";PR;-22.7517;-51.6579
4219705;"Xaxim";SC;-26.9614;-52.5334
3144672;"Nova Belém";MG;-18.4964;-41.1022
3552502;"Suzano";SP;-23.5466;-46.3098
3511607;"Cesário Lange";SP;-23.2273;-47.9530
2411809;"São Fernando";RN;-6.3774;-37.1859
2207306;"Paes Landim";PI;-7.7781;-42.2548
2306207;"Itaiçaba";CE;-4.6757;-37.8211
2702801;"Flexeiras";AL;-9.2768;-35.7233
5105622;"Mirassol d'Oeste";MT;-15.6745;-58.1024
3144656;"Ninheira";MG;-15.3188;-41.7554
3536000;"Parapuã";SP;-21.7831;-50.7913
3128303;"Guaranésia";MG;-21.2999;-46.8026
2509909;"Natuba";PB;-7.6420;-35.5542
4105607;"Cidade Gaúcha";PR;-23.3835;-52.9445
3503950;"Aspásia";SP;-20.1592;-50.7266
3111705;"Canaã";MG;-20.6856;-42.6207
4211504;"Nova Trento";SC;-27.2863;-48.9303
4317608;"Santo Antônio da Patrulha";RS;-29.8203;-50.5141
2915502;"Itajuípe";BA;-14.6749;-39.3765
3544301;"Roseira";SP;-22.8981;-45.3066
4121307;"Rancho Alegre";PR;-23.0683;-50.9131
5204508;"Caldas Novas";GO;-17.7422;-48.6252
5211909;"Jataí";GO;-17.8858;-51.7240
2110500;"São Bento";MA;-2.7027;-44.8233
2403608;"Extremoz";RN;-5.7068;-35.3056
2102325;"Buriticupu";MA;-4.3178;-46.4601
5008305;"Três Lagoas";MS;-20.7911;-51.7089
2207405;"Palmeira do Piauí";PI;-8.7249;-44.2362
2702900;"Girau do Ponciano";AL;-9.8850;-36.8302
2501708;"Barra de São Miguel";PB;-7.7511;-36.3186
3527801;"Lupércio";SP;-22.4155;-49.8173
3136579;"Josenópolis";MG;-16.5436;-42.5153
3168903;"Tiros";MG;-19.0020;-45.9657
3103504;"Araguari";MG;-18.6442;-48.1973
4203303;"Campo Alegre";SC;-26.1899;-49.2671
2923357;"Ourolândia";BA;-10.9694;-41.0816
4309407;"Guaporé";RS;-28.8482;-51.8906
3120102;"Couto de Magalhães de Minas";MG;-18.0725;-43.4717
2907301;"Castro Alves";BA;-12.7651;-39.4257
2510006;"Nazarezinho";PB;-6.9163;-38.3243
2102309;"Buriti Bravo";MA;-5.8430;-43.8374
2306553;"Itarema";CE;-2.9205;-39.9154
4113106;"Kaloré";PR;-23.8241;-51.6679
5220058;"São João da Paraúna";GO;-16.8153;-50.4105
4121406;"Realeza";PR;-25.7749;-53.5326
4219507;"Xanxerê";SC;-26.8766;-52.4049
3519600;"Ibitinga";SP;-21.7581;-48.8245
2501807;"Bayeux";PB;-7.1251;-34.9268
1717008;"Pindorama do Tocantins";TO;-11.1382;-47.5776
3136553;"José Raydan";MG;-18.2211;-42.4977
3552551;"Suzanápolis";SP;-20.5022;-51.0253
4104907;"Castro";PR;-24.7846;-50.0058
4301206;"Arroio do Tigre";RS;-29.3350;-53.0855
3504008;"Assis";SP;-22.6611;-50.4111
3511409;"Cerqueira César";SP;-23.0346;-49.1650
4316907;"Santa Maria";RS;-29.6852;-53.8036
2102150;"Brejo de Areia";MA;-4.3323;-45.5849
1500404;"Alenquer";PA;-1.9543;-54.7401
4113205;"Lapa";PR;-25.7687;-49.7170
3111507;"Campos Altos";MG;-19.6966;-46.1711
5220157;"São Luiz do Norte";GO;-14.8623;-49.3315
2411601;"São Bento do Norte";RN;-5.0670;-36.0422
3503356;"Arco-Íris";SP;-21.7735;-50.4649
4211306;"Navegantes";SC;-26.9005;-48.6549
2931608;"Teolândia";BA;-13.6053;-39.4898
2915809;"Itambé";BA;-15.2406;-40.6225
3161056;"São Félix de Minas";MG;-18.5917;-41.4878
2306504;"Itapiúna";CE;-4.5611;-38.9198
3136520;"José Gonçalves de Minas";MG;-16.9083;-42.6050
2110302;"Santo Antônio dos Lopes";MA;-4.8694;-44.3590
4121356;"Rancho Alegre D'Oeste";PR;-24.3060;-52.9560
2608453;"Lagoa do Carro";PE;-7.8440;-35.3108
4105003;"Catanduvas";PR;-25.1996;-53.1536
5204300;"Caçu";GO;-18.5583;-51.1309
2403400;"Equador";RN;-6.9463;-36.7137
4308706;"Gaurama";RS;-27.5871;-52.0924
2702702;"Feliz Deserto";AL;-10.2916;-36.3055
2411700;"São Bento do Trairí";RN;-6.3427;-36.0854
3103306;"Aracitaba";MG;-21.3416;-43.3784
4203105;"Caibi";SC;-27.0750;-53.2494
3111606;"Campos Gerais";MG;-21.2355;-45.7580
2923407;"Palmas de Monte Alto";BA;-14.2666;-43.1635
3120151;"Crisólita";MG;-17.2377;-40.9116
5105507;"Vila Bela da Santíssima Trindade";MT;-15.0062;-59.9515
1304260;"Uarini";AM;-2.9849;-65.1606
2907608;"Central";BA;-11.1342;-42.1099
2915908;"Itanagra";BA;-12.2642;-38.0382
2207702;"Parnaíba";PI;-2.9169;-41.7567
2306603;"Itatira";CE;-4.5295;-39.6229
4121208;"Quitandinha";PR;-25.8718;-49.4980
2102101;"Brejo";MA;-3.6816;-42.7507
2510303;"Nova Palmeira";PB;-6.6766;-36.4158
2922755;"Nova Ibiá";BA;-13.8110;-39.6248
5204409;"Caiapônia";GO;-16.9567;-51.8108
5220108;"São Luís de Montes Belos";GO;-16.5232;-50.3715
2110401;"São Benedito do Rio Preto";MA;-3.3308;-43.5271
2403509;"Espírito Santo";RN;-6.3315;-35.3080
4300505;"Alpestre";RS;-27.2518;-53.0345
3120003;"Córrego Novo";MG;-19.8330;-42.4015
3503307;"Araras";SP;-22.3582;-47.3859
4308805;"General Câmara";RS;-29.9058;-51.7628
3103405;"Araçuaí";MG;-16.8551;-42.0618
4203204;"Camboriú";SC;-27.0226;-48.6519
4316972;"Santa Margarida do Sul";RS;-30.3349;-54.0812
2907707;"Chorrochó";BA;-8.9795;-39.1003
3169307;"Três Corações";MG;-21.6994;-45.2562
4113007;"Jussara";PR;-23.6233;-52.4722
2207801;"Paulistana";PI;-8.1409;-41.1481
2930907;"Tabocas do Brejo Velho";BA;-12.7058;-44.0086
2608404;"Jurema";PE;-8.7196;-36.1367
2102200;"Buriti";MA;-3.9427;-42.9247
5105606;"Matupá";MT;-10.1793;-54.9347
2207793;"Pau D'Arco do Piauí";PI;-5.2534;-42.3884
2502102;"Boa Ventura";PB;-7.4201;-38.2177
4316956;"Santa Maria do Herval";RS;-29.4995;-50.9938
2922730;"Nova Fátima";BA;-11.6068;-39.6315
3200805;"Baixo Guandu";ES;-19.5135;-41.0127
2510402;"Olho d'Água";PB;-7.2288;-37.7487
4300604;"Alvorada";RS;-29.9982;-51.0773
3520004;"Igaraçu do Tietê";SP;-22.5089;-48.5574
2608255;"Jucati";PE;-8.7061;-36.4879
3503406;"Arealva";SP;-22.0291;-48.9117
2207777;"Patos do Piauí";PI;-7.6793;-41.2425
4104808;"Cascavel";PR;-24.9530;-53.4796
1304203;"Tefé";AM;-3.3461;-64.7084
5105580;"Marcelândia";MT;-11.0850;-54.5220
2600203;"Afrânio";PE;-8.5159;-41.0059
3161106;"São Francisco";MG;-15.9492;-44.8673
2922706;"Nova Canaã";BA;-14.7926;-40.1429
3119955;"Córrego Fundo";MG;-20.4516;-45.5506
2931004;"Tanhaçu";BA;-14.0223;-41.2449
3144607;"Nepomuceno";MG;-21.2331;-45.2357
2502201;"Bom Jesus";PB;-6.8154;-38.6555
2109700;"Sambaíba";MA;-7.1403;-45.3460
3160959;"São Domingos das Dores";MG;-19.5275;-42.0134
2412005;"São Gonçalo do Amarante";RN;-5.7894;-35.3361
3128253;"Guaraciama";MG;-17.0133;-43.6695
2616407;"Vitória de Santo Antão";PE;-8.1219;-35.2983
4203154;"Calmon";SC;-26.6029;-51.1011
2207751;"Passagem Franca do Piauí";PI;-5.8570;-42.4422
3544251;"Rosana";SP;-22.5800;-53.0586
3152907;"Pratápolis";MG;-20.7446;-46.8614
2306405;"Itapipoca";CE;-3.4824;-39.5656
3111903;"Cana Verde";MG;-21.0201;-45.1838
4300570;"Alto Feliz";RS;-29.3842;-51.3135
2915700;"Itamari";BA;-13.7815;-39.6858
2600054;"Abreu e Lima";PE;-7.9038;-34.9014
4308607;"Garibaldi";RS;-29.2545;-51.5340
4121257;"Ramilândia";PR;-25.1191;-54.0322
2101509;"Barão de Grajaú";MA;-6.7576;-43.0242
4211702;"Orleans";SC;-28.3593;-49.2904
2801108;"Canhoba";SE;-10.1374;-36.9711
2922805;"Nova Itarana";BA;-13.0268;-40.0688
2207603;"Parnaguá";PI;-10.2261;-44.6402
4300554;"Alto Alegre";RS;-28.7767;-52.9912
3136405;"Joaquim Felício";MG;-17.7594;-44.1691
2403806;"Florânia";RN;-6.1257;-36.8177
3552403;"Sumaré";SP;-22.8189;-47.2701
2907509;"Catu";BA;-12.3549;-38.3758
3169109;"Toledo";MG;-22.7430;-46.3719
2608206;"Joaquim Nabuco";PE;-8.6266;-35.5234
3200607;"Aracruz";ES;-19.8250;-40.2648
2510204;"Nova Olinda";PB;-7.4792;-38.0423
2616506;"Xexéu";PE;-8.8054;-35.6272
4219853;"Zortéa";SC;-27.4538;-51.5541
3103702;"Araponga";MG;-20.6668;-42.5208
3112000;"Candeias";MG;-20.7700;-45.2747
5220009;"São João d'Aliança";GO;-14.7058;-47.5251
4203501;"Campo Erê";SC;-26.3994;-53.0872
2502151;"Boa Vista";PB;-7.2631;-36.2426
4316758;"Santa Clara do Sul";RS;-29.4655;-52.0817
4300406;"Alegrete";RS;-29.8016;-55.7969
2801207;"Canindé de São Francisco";SE;-9.6605;-37.7901
3503208;"Araraquara";SP;-21.7930;-48.1753
4121604;"Renascença";PR;-26.1560;-52.9722
3128204;"Guaraciaba";MG;-20.5717;-43.0073
2403905;"Francisco Dantas";RN;-6.0894;-38.1235
3169208;"Tombos";MG;-20.9080;-42.0278
3536406;"Paulicéia";SP;-21.3140;-51.8334
3544202;"Riolândia";SP;-19.9817;-49.6816
2502003;"Belém do Brejo do Cruz";PB;-6.1904;-37.5367
3143906;"Muriaé";MG;-21.1280;-42.3704
2930808;"Souto Soares";BA;-12.0915;-41.6509
2608305;"Jupi";PE;-8.7109;-36.4153
1717206;"Piraquê";TO;-6.7656;-48.2948
2109759;"Santa Filomena do Maranhão";MA;-5.4952;-44.5556
3103801;"Arapuá";MG;-19.0344;-46.1547
3200706;"Atílio Vivácqua";ES;-20.9164;-41.1901
1700707;"Alvorada";TO;-12.4801;-49.1254
5211800;"Jaraguá";GO;-15.7535;-49.3327
1500347;"Água Azul do Norte";PA;-6.8027;-50.4827
4113403;"Leópolis";PR;-23.0810;-50.7533
3536257;"Parisi";SP;-20.3051;-50.0124
3161007;"São Domingos do Prata";MG;-19.8670;-42.9660
3528205;"Macedônia";SP;-20.1457;-50.1946
5007554;"Santa Rita do Pardo";MS;-21.3056;-52.8212
3135704;"Jequitibá";MG;-19.2371;-44.0257
2600104;"Afogados da Ingazeira";PE;-7.7498;-37.6381
2922607;"Nilo Peçanha";BA;-13.6004;-39.1067
3144003;"Mutum";MG;-19.8159;-41.4381
1709005;"Goiatins";TO;-7.7089;-47.3149
4211751;"Otacílio Costa";SC;-27.5050;-50.1135
4308656;"Garruchos";RS;-28.1833;-55.6416
2411908;"São Francisco do Oeste";RN;-5.9986;-38.1677
2930774;"Sobradinho";BA;-9.4719;-40.8053
4300471;"Almirante Tamandaré do Sul";RS;-28.1111;-52.9148
4105201;"Cerro Azul";PR;-24.8246;-49.2632
3152808;"Prata";MG;-19.3078;-48.9271
3111804;"Canápolis";MG;-18.7235;-49.2023
2930766;"Sítio do Quinto";BA;-10.3649;-38.2008
3127503;"Gonzaga";MG;-18.8251;-42.4791
2907558;"Caturama";BA;-13.3306;-42.2925
3103751;"Araporã";MG;-18.4371;-49.1847
3135803;"Jequitinhonha";MG;-16.4337;-41.0035
3168507;"Teixeiras";MG;-20.6518;-42.8566
2313955;"Varjota";CE;-4.1986;-40.4683
4316808;"Santa Cruz do Sul";RS;-29.7137;-52.4286
4300455;"Alegria";RS;-27.8322;-54.0573
1500305;"Afuá";PA;-0.1552;-50.3918
2801009;"Campo do Brito";SE;-10.7496;-37.4941
2403707;"Felipe Guerra";RN;-5.6002;-37.6933
3536208;"Pariquera-Açu";SP;-24.7136;-47.8815
2702108;"Colônia Leopoldina";AL;-8.9106;-35.7234
5203575;"Bonópolis";GO;-13.6502;-49.8322
5007505;"Rochedo";MS;-19.9619;-54.8928
3103603;"Arantina";MG;-21.9131;-44.2544
3552809;"Taboão da Serra";SP;-23.6045;-46.7635
2502052;"Bernardino Batista";PB;-6.4542;-38.5501
3152131;"Ponto Chique";MG;-16.6332;-45.0632
5203559;"Bonfinópolis";GO;-16.6201;-48.9673
3127602;"Gouveia";MG;-18.4550;-43.7412
2109551;"Ribamar Fiquene";MA;-5.9308;-47.3887
3528007;"Macatuba";SP;-22.5007;-48.7108
3160306;"Santo Antônio do Jacinto";MG;-16.5364;-40.1752
3536307;"Patrocínio Paulista";SP;-20.6434;-47.2804
2608602;"Lagoa do Ouro";PE;-9.1245;-36.4588
5212105;"Joviânia";GO;-17.8061;-49.6204
2906873;"Capim Grosso";BA;-11.3790;-40.0069
4113452;"Lindoeste";PR;-25.2686;-53.5724
3143807;"Munhoz";MG;-22.6120;-46.3618
5220405;"São Simão";GO;-18.9949;-50.5477
3201001;"Boa Esperança";ES;-18.5399;-40.2984
4300802;"Antônio Prado";RS;-28.8577;-51.2830
3544608;"Sabino";SP;-21.4592;-49.5789
3503604;"Areiópolis";SP;-22.6693;-48.6627
2206951;"Novo Santo Antônio";PI;-5.2881;-41.9347
2922656;"Nordestina";BA;-10.8234;-39.4301
3119401;"Coronel Fabriciano";MG;-19.5273;-42.6245
2906857;"Capela do Alto Alegre";BA;-11.6685;-39.8382
3152105;"Ponte Nova";MG;-20.4162;-42.9088
1304401;"Urucurituba";AM;-3.1281;-58.1570
2600401;"Água Preta";PE;-8.7066;-35.5210
2101350;"Bacurituba";MA;-2.7075;-44.7374
2608701;"Lagoa dos Gatos";PE;-8.6542;-35.9036
4113429;"Lidianópolis";PR;-24.1091;-51.6576
5212204;"Jussara";GO;-15.8651;-50.8691
3528106;"Macaubal";SP;-20.8072;-49.9649
2931202;"Taperoá";BA;-13.5379;-39.0995
4317251;"Santa Tereza";RS;-29.1713;-51.7359
5104906;"Jangada";MT;-15.2327;-56.4923
3135605;"Jequitaí";MG;-17.2318;-44.4406
4211652;"Novo Horizonte";SC;-26.4457;-52.8340
2314003;"Várzea Alegre";CE;-6.7902;-39.2973
2906824;"Canudos";BA;-9.8978;-39.0271
3519907;"Iepê";SP;-22.6617;-51.0773
2501351;"Assunção";PB;-7.0735;-36.7276
2600500;"Águas Belas";PE;-9.1120;-37.1224
2403756;"Fernando Pedroza";RN;-5.6972;-36.5313
2701902;"Chã Preta";AL;-9.2566;-36.2962
5007935;"Sonora";MS;-17.5879;-54.7529
2923001;"Nova Viçosa";BA;-17.9104;-39.3859
3127404;"Gonçalves";MG;-22.6596;-45.8549
4309050;"Glorinha";RS;-29.8790;-50.7869
3535606;"Paraibuna";SP;-23.3873;-45.6634
3552601;"Tabapuã";SP;-20.9621;-49.0286
2305803;"Ipu";CE;-4.3245;-40.7094
5220207;"São Miguel do Araguaia";GO;-13.2737;-50.1594
2915106;"Itagi";BA;-14.1612;-40.0060
5203609;"Brazabrantes";GO;-16.4315;-49.3879
3127388;"Goianá";MG;-21.5381;-43.2018
2702009;"Coité do Nóia";AL;-9.6334;-36.5769
2109601;"Rosário";MA;-2.9372;-44.2451
4113254;"Laranjal";PR;-24.8883;-52.4729
3511706;"Charqueada";SP;-22.5113;-47.7771
3119203;"Coroaci";MG;-18.6210;-42.2842
4300851;"Arambaré";RS;-30.9058;-51.4944
1500701;"Anajás";PA;-0.9844;-49.9384
3152170;"Ponto dos Volantes";MG;-16.7528;-41.5036
4211603;"Nova Veneza";SC;-28.6372;-49.4975
4317202;"Santa Rosa";RS;-27.8607;-54.4462
2207009;"Oeiras";PI;-7.0169;-42.1317
3527405;"Lucélia";SP;-21.7227;-51.0195
3544400;"Rubiácea";SP;-21.3009;-50.7280
2906907;"Caravelas";BA;-17.7338;-39.2656
2608503;"Lagoa de Itaenga";PE;-7.9274;-35.2954
5007901;"Sidrolândia";MS;-20.9320;-54.9606
3552700;"Tabatinga";SP;-21.7339;-48.6868
2305654;"Ipaporanga";CE;-4.9014;-40.7579
3127370;"Goiabeira";MG;-18.9799;-41.2213
2101400;"Balsas";MA;-7.5332;-46.0401
2906899;"Caraíbas";BA;-14.7228;-41.2601
5212006;"Jaupaci";GO;-16.1820;-50.9528
3111150;"Campo Azul";MG;-16.5088;-44.8137
2509602;"Monte Horebe";PB;-7.2145;-38.5863
5203962;"Buritinópolis";GO;-14.4575;-46.4304
4309001;"Giruá";RS;-28.0300;-54.3492
3544509;"Rubinéia";SP;-20.1714;-50.9995
2313807;"Uruburetama";CE;-3.6248;-39.5066
3519204;"Iacri";SP;-21.8571;-50.6917
3119302;"Coromandel";MG;-18.4725;-47.2023
4203402;"Campo Belo do Sul";SC;-27.8996;-50.7595
3152006;"Pompéu";MG;-19.2317;-45.0027
5203939;"Buriti de Goiás";GO;-16.1845;-50.4344
2600302;"Agrestina";PE;-8.4555;-35.9476
5104807;"Jaciara";MT;-15.9670;-54.9672
4121505;"Rebouças";PR;-25.6203;-50.6949
4219101;"Vargeão";SC;-26.8613;-52.1551
5220280;"São Patrício";GO;-15.3500;-49.8164
2501401;"Baía da Traição";PB;-6.6877;-34.9377
4308854;"Gentil";RS;-28.4316;-52.0351
1303809;"São Gabriel da Cachoeira";AM;-0.1299;-67.0879
2923050;"Novo Triunfo";BA;-10.3347;-38.4202
3511003;"Castilho";SP;-20.8716;-51.4878
5220264;"São Miguel do Passa Quatro";GO;-17.0580;-48.6640
2923035;"Novo Horizonte";BA;-12.8103;-42.1685
2313906;"Uruoca";CE;-3.3148;-40.5596
4300661;"André da Rocha";RS;-28.6315;-51.5742
1500503;"Almeirim";PA;-1.5285;-52.5771
2914901;"Itacaré";BA;-14.2784;-38.9955
2101731;"Belágua";MA;-3.1605;-43.5078
2109908;"Santa Inês";MA;-3.6573;-45.3778
4113304;"Laranjeiras do Sul";PR;-25.4020;-52.4132
4210902;"Modelo";SC;-26.7753;-53.0529
4317004;"Santana da Boa Vista";RS;-30.8710;-53.1136
4219200;"Vidal Ramos";SC;-27.3926;-49.3633
5007703;"Sete Quedas";MS;-23.9791;-55.0407
2206803;"Nossa Senhora dos Remédios";PI;-3.9794;-42.6218
2702306;"Coruripe";AL;-10.1268;-36.1757
4300646;"Ametista do Sul";RS;-27.3617;-53.1835
2906709;"Cândido Sales";BA;-15.5055;-41.2380
2915007;"Itaeté";BA;-12.9924;-40.9614
5007695;"São Gabriel do Oeste";MS;-19.4031;-54.5772
2305704;"Ipaumirim";CE;-6.7887;-38.7183
3543808;"Rinópolis";SP;-21.7258;-50.7223
4211009;"Mondaí";SC;-27.1023;-53.3995
3511102;"Catanduva";SP;-21.1316;-48.9714
2509404;"Mogeiro";PB;-7.3025;-35.4780
4300638;"Amaral Ferrador";RS;-30.8768;-52.2538
5105150;"Juína";MT;-11.4233;-58.7571
3127800;"Grão Mogol";MG;-16.5637;-42.8929
2101707;"Barreirinhas";MA;-2.7502;-42.8271
5212055;"Jesúpolis";GO;-15.9520;-49.3738
3111200;"Campo Belo";MG;-20.8934;-45.2770
4202701;"Botuverá";SC;-27.2001;-49.0745
1708254;"Tabocão";TO;-9.0576;-48.5202
4219176;"Vargem Bonita";SC;-27.0045;-51.7407
2931053;"Tanque Novo";BA;-13.5463;-42.4900
4317103;"Sant'Ana do Livramento";RS;-30.8894;-55.5324
2800407;"Arauá";SE;-11.2630;-37.6198
4105102;"Centenário do Sul";PR;-22.8218;-51.5941
2509396;"Maturéia";PB;-7.2666;-37.3496
2110005;"Santa Luzia";MA;-3.9707;-45.6566
1500602;"Altamira";PA;-3.2069;-52.2189
4120804;"Quatro Barras";PR;-25.3691;-49.0742
4104451;"Cantagalo";PR;-25.3722;-52.1270
5204003;"Cabeceiras";GO;-15.8025;-46.9284
2403103;"Currais Novos";RN;-6.2636;-36.5156
2702405;"Delmiro Gouveia";AL;-9.3857;-37.9982
3119609;"Coronel Pacheco";MG;-21.5880;-43.2658
2906808;"Cansanção";BA;-10.6666;-39.5049
3168408;"Tarumirim";MG;-19.2812;-42.0069
3103009;"Antônio Dias";MG;-19.6530;-42.8725
5007802;"Selvíria";MS;-20.3643;-51.4239
3519253;"Iaras";SP;-22.8723;-49.1631
2206902;"Novo Oriente do Piauí";PI;-6.4511;-41.9272
2501203;"Areial";PB;-7.0507;-35.9282
2509503;"Montadas";PB;-7.0872;-35.9601
4202800;"Braço do Norte";SC;-28.2763;-49.1657
2922854;"Nova Redenção";BA;-12.8220;-41.0743
4308904;"Getúlio Vargas";RS;-27.8914;-52.2226
4219150;"Vargem";SC;-27.4914;-50.9762
2101806;"Benedito Leite";MA;-7.2249;-44.5581
4112603;"Jardim Olinda";PR;-22.5533;-52.0385
4104428;"Candói";PR;-25.5752;-52.0557
3519105;"Iacanga";SP;-21.8903;-49.0159
1508100;"Tucuruí";PA;-3.7662;-49.6702
3160207;"Santo Antônio do Itambé";MG;-18.4643;-43.3063
5105101;"Juara";MT;-11.2529;-57.5110
3102852;"Angelândia";MG;-17.7272;-42.2708
1716505;"Pedro Afonso";TO;-8.9723;-48.1700
4219002;"Urussanga";SC;-28.5203;-49.3208
3200904;"Barra de São Francisco";ES;-18.7569;-40.8913
4300703;"Anta Gorda";RS;-28.9705;-52.0055
2501302;"Aroeiras";PB;-7.5466;-35.7081
1508084;"Tucumã";PA;-6.7532;-51.1552
2702355;"Craíbas";AL;-9.6185;-36.7679
3527256;"Lourdes";SP;-20.9674;-50.2264
2101772;"Bela Vista do Maranhão";MA;-3.7418;-45.2504
2411106;"Ruy Barbosa";RN;-5.8811;-35.9347
3503505;"Areias";SP;-22.5810;-44.6969
3510906;"Cássia dos Coqueiros";SP;-21.2824;-47.1700
4104402;"Cândido de Abreu";PR;-24.5667;-51.3376
4112702;"Jataizinho";PR;-23.2538;-50.9799
3519071;"Hortolândia";SP;-22.8699;-47.2181
4210803;"Meleiro";SC;-28.8306;-49.6356
5007109;"Ribas do Rio Pardo";MS;-20.4441;-53.7561
4316402;"Rosário do Sul";RS;-30.2592;-54.9159
5105200;"Juscimeira";MT;-16.0540;-54.8907
3111002;"Campestre";MG;-21.7114;-46.2469
2109809;"Santa Helena";MA;-2.2305;-45.3015
2306009;"Iracema";CE;-5.8097;-38.3054
1708304;"Goianorte";TO;-8.7777;-48.9332
3144201;"Nacip Raydan";MG;-18.4565;-42.2473
2931103;"Tanquinho";BA;-11.9761;-39.1050
2800209;"Aquidabã";SE;-10.2874;-37.0217
2915304;"Itagimirim";BA;-16.0876;-39.6163
5203807;"Britânia";GO;-15.2405;-51.1603
2702207;"Coqueiro Seco";AL;-9.6368;-35.7911
2402907;"Coronel João Pessoa";RN;-6.2611;-38.4435
3519055;"Holambra";SP;-22.6261;-47.0597
4300034;"Aceguá";RS;-31.8681;-54.1650
4120853;"Quatro Pontes";PR;-24.5738;-53.9780
2411205;"Santa Cruz";RN;-6.2298;-36.0195
3102803;"Andrelândia";MG;-21.7394;-44.3082
4104501;"Capanema";PR;-25.6702;-53.8089
2207207;"Padre Marcos";PI;-7.3552;-40.9070
3136009;"Joaíma";MG;-16.6552;-41.0253
4308201;"Flores da Cunha";RS;-29.0352;-51.1837
5105176;"Juruena";MT;-10.3247;-58.4936
1508050;"Trairão";PA;-4.7039;-55.9964
3552007;"Silveiras";SP;-22.6659;-44.8527
2101608;"Barra do Corda";MA;-5.5082;-45.2464
4218954;"Urupema";SC;-27.9534;-49.8745
3111101;"Campina Verde";MG;-19.5325;-49.4799
4202602;"Bom Retiro";SC;-27.7967;-49.4902
2306108;"Irauçuba";CE;-3.7473;-39.7801
2922904;"Nova Soure";BA;-11.2406;-38.4807
2907103;"Carinhanha";BA;-14.3060;-43.7681
2800308;"Aracaju";SE;-10.9444;-37.0690
1700350;"Aliança do Tocantins";TO;-11.3055;-48.9396
1508159;"Uruará";PA;-3.7235;-53.7345
4120705;"Quatiguá";PR;-23.5672;-49.9158
3535507;"Paraguaçu Paulista";SP;-22.4213;-50.5810
2616100;"Verdejante";PE;-7.9271;-38.9700
2509800;"Mulungu";PB;-7.0307;-35.4652
2403004;"Cruzeta";RN;-6.4123;-36.7901
5203906;"Buriti Alegre";GO;-18.1415;-49.0405
1716307;"Pau D'Arco";TO;-7.5402;-49.3713
3200201;"Alegre";ES;-20.7636;-41.5316
4316477;"Salvador das Missões";RS;-28.1269;-54.8360
3502804;"Araçatuba";SP;-21.2163;-50.4371
4202578;"Bom Jesus do Oeste";SC;-26.6930;-53.0964
3102902;"Antônio Carlos";MG;-21.3192;-43.7499
2501609;"Barra de Santa Rosa";PB;-6.7206;-36.0604
3168804;"Tiradentes";MG;-21.1077;-44.1674
4112504;"Jardim Alegre";PR;-24.1778;-51.6890
2607901;"Jaboatão dos Guararapes";PE;-8.1512;-34.9230
2907202;"Casa Nova";BA;-9.1755;-40.9741
3527306;"Louveira";SP;-23.0886;-46.9503
2930402;"Serra Preta";BA;-12.1607;-39.3319
4316451;"Salto do Jacuí";RS;-29.0920;-53.2074
3200300;"Alfredo Chaves";ES;-20.6348;-40.7503
5105002;"Jauru";MT;-15.3393;-58.8701
1508126;"Ulianópolis";PA;-3.7452;-47.4988
4210852;"Mirim Doce";SC;-27.2013;-50.0683
5219605;"Santa Tereza de Goiás";GO;-13.7135;-49.0155
3502903;"Araçoiaba da Serra";SP;-23.5055;-47.6146
1700301;"Aguiarnópolis";TO;-6.5568;-47.4792
4120655;"Quarto Centenário";PR;-24.2797;-53.0744
3160603;"Santo Hipólito";MG;-18.2972;-44.2219
4104303;"Campo Mourão";PR;-24.0429;-52.3792
2314102;"Viçosa do Ceará";CE;-3.5652;-41.0919
4316436;"Saldanha Marinho";RS;-28.3959;-53.0954
2915353;"Itaguaçu da Bahia";BA;-11.0098;-42.3959
2501575;"Barra de Santana";PB;-7.5233;-35.9995
2922201;"Muniz Ferreira";BA;-13.0009;-39.1081
5219456;"Santa Rita do Novo Destino";GO;-15.1356;-49.1181
4316428;"Sagrada Família";RS;-27.7091;-53.1352
2930501;"Serrinha";BA;-11.6602;-39.0092
4308250;"Floriano Peixoto";RS;-27.8601;-52.0842
1708205;"Formoso do Araguaia";TO;-11.8014;-49.5294
3111408;"Campo Florido";MG;-19.7605;-48.5725
3144102;"Muzambinho";MG;-21.3687;-46.5225
3511300;"Cedral";SP;-20.9020;-49.2700
2411502;"Santo Antônio";RN;-6.3082;-35.4782
1700400;"Almas";TO;-11.5697;-47.1671
2615904;"Tuparetama";PE;-7.6025;-37.3105
2915205;"Itagibá";BA;-14.2828;-39.8438
1507961;"Terra Alta";PA;-1.0392;-47.9074
2305902;"Ipueiras";CE;-4.5388;-40.7173
3160454;"Santo Antônio do Retiro";MG;-15.3412;-42.6244
4300059;"Água Santa";RS;-28.1764;-52.0346
3152402;"Poté";MG;-17.8047;-41.7880
1507953;"Tailândia";PA;-2.9464;-48.9533
1303700;"Santo Antônio do Içá";AM;-3.0995;-67.9465
2207108;"Olho D'Água do Piauí";PI;-5.8474;-42.5743
2800605;"Barra dos Coqueiros";SE;-10.9074;-37.0390
2922300;"Muritiba";BA;-12.6248;-38.9913
4308102;"Feliz";RS;-29.4539;-51.3075
3103207;"Araçaí";MG;-19.1990;-44.2489
3135902;"Jesuânia";MG;-21.9988;-45.2896
2403301;"Encanto";RN;-6.1126;-38.3069
2607703;"Itapetim";PE;-7.3798;-37.1891
2907004;"Cardeal da Silva";BA;-11.9400;-37.9483
3551900;"Severínia";SP;-20.8099;-48.8043
5203203;"Barro Alto";GO;-14.9714;-48.9154
3168606;"Teófilo Otoni";MG;-17.8647;-41.5082
4219358;"Vitor Meireles";SC;-26.8815;-49.8332
4203006;"Caçador";SC;-26.7748;-51.0129
2616001;"Venturosa";PE;-8.5773;-36.8742
2509701;"Monteiro";PB;-7.8915;-37.1260
5219407;"Santa Rita do Araguaia";GO;-17.3259;-53.2059
3200102;"Afonso Cláudio";ES;-20.0789;-41.1229
1304062;"Tabatinga";AM;-4.2266;-69.9363
4308078;"Fazenda Vilanova";RS;-29.5906;-51.8277
2800704;"Brejo Grande";SE;-10.4287;-36.4665
3543709;"Rincão";SP;-21.5899;-48.0688
3502705;"Apiaí";SP;-24.5121;-48.8464
3127701;"Governador Valadares";MG;-18.8584;-41.9450
3535903;"Paranapuã";SP;-20.1036;-50.5857
3160405;"Santo Antônio do Monte";MG;-20.0858;-45.2916
1508035;"Tracuateua";PA;-1.0745;-46.9032
1716703;"Colméia";TO;-8.7297;-48.7613
3168705;"Timóteo";MG;-19.5771;-42.6430
3143401;"Monte Sião";MG;-22.4315;-46.5703
2930303;"Serra Dourada";BA;-12.7615;-43.9563
2501500;"Bananeiras";PB;-6.7542;-35.6339
2100956;"Arame";MA;-4.8882;-46.0120
2607802;"Itaquitinga";PE;-7.6669;-35.1008
4308052;"Faxinalzinho";RS;-27.4216;-52.6763
2922250;"Muquém do São Francisco";BA;-12.0662;-43.5489
4112900;"Jundiaí do Sul";PR;-23.4370;-50.2497
3119500;"Coronel Murta";MG;-16.6161;-42.1829
5219506;"Santa Rosa de Goiás";GO;-16.0844;-49.4928
3135209;"Januária";MG;-15.4887;-44.3624
3152204;"Porteirinha";MG;-15.7466;-43.0281
2109239;"Presidente Médici";MA;-2.3781;-45.8207
4211256;"Morro Grande";SC;-28.8028;-49.7213
3160504;"Santo Antônio do Rio Abaixo";MG;-19.2284;-43.2534
3527702;"Luiziânia";SP;-21.6766;-50.3268
2800670;"Boquim";SE;-11.1478;-37.6263
4104709;"Carlópolis";PR;-23.4253;-49.7178
2922102;"Mundo Novo";BA;-11.8602;-40.4720
1508001;"Tomé-Açu";PA;-2.4208;-48.1510
3127008;"Fronteira";MG;-20.2854;-49.2040
3200169;"Água Doce do Norte";ES;-18.5472;-40.9773
4219408;"Witmarsum";SC;-26.9272;-49.7965
3152303;"Porto Firme";MG;-20.6724;-43.0847
3519501;"Ibirarema";SP;-22.8178;-50.0731
2607752;"Itapissuma";PE;-7.7745;-34.8912
3552205;"Sorocaba";SP;-23.4784;-47.4239
1507979;"Terra Santa";PA;-2.1107;-56.4917
2616308;"Vicência";PE;-7.6560;-35.3229
4316303;"Roque Gonzales";RS;-28.1336;-55.0259
2109205;"Presidente Juscelino";MA;-2.9261;-44.0643
2800506;"Areia Branca";SE;-10.7590;-37.3145
1508357;"Vitória do Xingu";PA;-2.8826;-52.0131
3168002;"Taiobeiras";MG;-15.8115;-42.2323
3103108;"Antônio Prado de Minas";MG;-21.0179;-42.1115
3535705;"Paraíso";SP;-21.0173;-48.7748
1304104;"Tapauá";AM;-5.6204;-63.1885
2701605;"Canapi";AL;-9.1178;-37.6050
3118809;"Coração de Jesus";MG;-16.6881;-44.3626
2403202;"Doutor Severiano";RN;-6.0947;-38.3749
4211207;"Morro da Fumaça";SC;-28.6520;-49.2098
3127107;"Frutal";MG;-20.0286;-48.9358
3502754;"Araçariguama";SP;-23.4391;-47.0623
2305266;"Ibaretama";CE;-4.8196;-38.8207
3200136;"Águia Branca";ES;-18.9846;-40.7404
5211404;"Itauçu";GO;-16.2025;-49.6042
2608107;"João Alfredo";PE;-7.8588;-35.5919
3552304;"Sud Mennucci";SP;-20.6908;-50.9241
2109056;"Porto Rico do Maranhão";MA;-1.8604;-44.5881
4104659;"Carambeí";PR;-24.9532;-50.1112
3159803;"Santa Vitória";MG;-18.8389;-50.1227
4112959;"Juranda";PR;-24.4220;-52.8438
3143450;"Montezuma";MG;-15.1705;-42.4992
2101004;"Arari";MA;-3.4527;-44.7791
3200508;"Apiacá";ES;-21.1560;-41.5650
3527504;"Lucianópolis";SP;-22.4311;-49.5227
1700251;"Abreulândia";TO;-9.6241;-49.1542
3535804;"Paranapanema";SP;-23.3881;-48.7223
3118908;"Cordisburgo";MG;-19.1226;-44.3226
5219803;"São Domingos";GO;-13.3988;-46.3199
4211058;"Monte Carlo";SC;-27.2217;-50.9793
3503109;"Arandu";SP;-23.1339;-49.0539
1716604;"Peixe";TO;-12.0328;-48.5394
4202875;"Brunópolis";SC;-27.3129;-50.8369
2501534;"Baraúna";PB;-6.6437;-36.2510
3143302;"Montes Claros";MG;-16.7306;-43.8708
3544103;"Rio Grande da Serra";SP;-23.7444;-46.3931
2305233;"Horizonte";CE;-4.1047;-38.4936
3127073;"Fruta de Leite";MG;-16.1176;-42.5291
1508308;"Viseu";PA;-1.2086;-46.1374
1500131;"Abel Figueiredo";PA;-4.9527;-48.3941
2509057;"Marcação";PB;-6.7675;-35.0134
4121109;"Quinta do Sol";PR;-23.8521;-52.1315
3519303;"Ibaté";SP;-21.9528;-48.0014
3151602;"Planura";MG;-20.1399;-48.7020
4202859;"Braço do Trombudo";SC;-27.3584;-49.8832
4308458;"Fortaleza dos Valos";RS;-28.7914;-53.2285
3527603;"Luís Antônio";SP;-21.5513;-47.7036
3127057;"Fronteira dos Vales";MG;-16.8925;-40.9253
3135100;"Janaúba";MG;-15.7984;-43.3071
2109007;"Porto Franco";MA;-6.3391;-47.4067
2100832;"Apicum-Açu";MA;-1.5351;-45.0817
2305332;"Ibicuitinga";CE;-4.9775;-38.6381
5219902;"São Francisco de Goiás";GO;-15.9311;-49.2609
1500107;"Abaetetuba";PA;-1.7251;-48.8901
2914505;"Irará";BA;-12.0399;-38.7671
2701407;"Campo Alegre";AL;-9.7854;-36.3524
2517209;"Vieirópolis";PB;-6.5446;-38.2774
1303908;"São Paulo de Olivença";AM;-3.4639;-68.9488
1508407;"Xinguara";PA;-7.1046;-49.9462
3168051;"Taparuba";MG;-19.7616;-41.6151
2313500;"Trairi";CE;-3.2660;-39.2747
4308433;"Forquetinha";RS;-29.3848;-52.0968
2403251;"Parnamirim";RN;-5.9246;-35.2658
2411429;"Santana do Seridó";RN;-6.7708;-36.7333
4316733;"Santa Cecília do Sul";RS;-28.1630;-51.9315
5007307;"Rio Negro";MS;-19.4490;-54.9885
2206407;"Monsenhor Gil";PI;-5.5620;-42.6109
4219309;"Videira";SC;-27.0058;-51.1544
3519402;"Ibirá";SP;-21.0806;-49.2413
3135076;"Jampruca";MG;-18.4614;-41.8096
3126901;"Frei Inocêncio";MG;-18.5651;-41.9077
2100808;"Anapurus";MA;-3.6734;-43.1101
3552106;"Socorro";SP;-22.5785;-46.5300
2305308;"Ibiapina";CE;-3.9230;-40.8895
3535101;"Palmares Paulista";SP;-21.0835;-48.8007
2509008;"Manaíra";PB;-7.7061;-38.1532
2914604;"Irecê";BA;-11.3030;-41.8579
2109106;"Presidente Dutra";MA;-5.3012;-44.4753
4112751;"Jesuítas";PR;-24.3800;-53.3838
2411403;"Santana do Matos";RN;-5.9581;-36.6544
4316709;"Santa Bárbara do Sul";RS;-28.3739;-53.2517
1304005;"Silves";AM;-2.8379;-58.2082
1500206;"Acará";PA;-1.9611;-48.1986
2701506;"Campo Grande";AL;-9.9584;-36.7902
3111309;"Campo do Meio";MG;-21.1074;-45.8293
4211108;"Monte Castelo";SC;-26.4600;-50.2326
3543907;"Rio Claro";SP;-22.4113;-47.5596
3511201;"Catiguá";SP;-21.0575;-49.0625
5211305;"Itarumã";GO;-18.7665;-51.3461
2616183;"Vertente do Lério";PE;-7.7736;-35.8527
3118700;"Coqueiral";MG;-21.1899;-45.4407
3503158;"Arapeí";SP;-22.6740;-44.4507
2100907;"Araioses";MA;-2.8910;-41.9038
5007406;"Rio Verde de Mato Grosso";MS;-18.9180;-54.8406
3135050;"Jaíba";MG;-15.3338;-43.6741
1716653;"Pequizeiro";TO;-8.5935;-48.9337
2206506;"Monsenhor Hipólito";PI;-6.9987;-41.0310
3526902;"Limeira";SP;-22.5736;-47.4095
2500809;"Araçagi";PB;-6.8510;-35.3874
2509107;"Mari";PB;-7.0607;-35.3193
4120903;"Quedas do Iguaçu";PR;-25.4552;-52.9077
5219712;"Santo Antônio da Barra";GO;-17.5599;-50.6362
4308508;"Frederico Westphalen";RS;-27.3556;-53.3976
5104203;"Guiratinga";MT;-16.3502;-53.7640
2906402;"Candeal";BA;-11.8066;-39.1174
2930758;"Sítio do Mato";BA;-13.0833;-43.4663
4202909;"Brusque";SC;-27.0935;-48.9203
5219704;"Santa Terezinha de Goiás";GO;-14.4359;-49.7092
5203104;"Baliza";GO;-16.1966;-52.5462
3544004;"Rio das Pedras";SP;-22.8437;-47.6081
4218608;"Trombudo Central";SC;-27.3011;-49.7920
3518701;"Guarujá";SP;-23.9934;-46.2573
1508209;"Vigia";PA;-0.8524;-48.1448
2500908;"Arara";PB;-6.8297;-35.7591
2313302;"Tauá";CE;-6.0017;-40.2948
4300307;"Alecrim";RS;-27.6576;-54.7672
1303957;"São Sebastião do Uatumã";AM;-2.5717;-57.8710
2100873;"Araguanã";MA;-2.9540;-45.6642
4121000;"Querência do Norte";PR;-23.0842;-53.4856
2101251;"Bacabeira";MA;-2.9788;-44.3161
3110608;"Cambuí";MG;-22.6118;-46.0576
4210407;"Maracajá";SC;-28.8467;-49.4539
3510500;"Caraguatatuba";SP;-23.6193;-45.4098
2410702;"Riacho da Cruz";RN;-5.9363;-37.9461
3126950;"Frei Lagonegro";MG;-18.1678;-42.7663
3200359;"Alto Rio Novo";ES;-19.0583;-41.0176
2914406;"Iraquara";BA;-12.2440;-41.6189
2305100;"Guaramiranga";CE;-4.2618;-38.9331
2313401;"Tianguá";CE;-3.7167;-40.9813
2930709;"Simões Filho";BA;-12.7877;-38.3989
2607950;"Jaqueira";PE;-8.7296;-35.7966
2517100;"Várzea";PB;-6.7719;-36.9929
2109403;"Primeira Cruz";MA;-2.5096;-43.4414
4112801;"Joaquim Távora";PR;-23.4978;-49.9245
5007208;"Rio Brilhante";MS;-21.8016;-54.5428
4316501;"Salvador do Sul";RS;-29.4409;-51.5116
2206308;"Miguel Leão";PI;-5.6807;-42.7384
2701803;"Carneiros";AL;-9.4831;-37.3755
4128500;"Wenceslau Braz";PR;-23.8773;-49.8041
3102407;"Alvorada de Minas";MG;-18.7319;-43.3645
2305209;"Hidrolândia";CE;-4.4087;-40.4047
3110707;"Cambuquira";MG;-21.8509;-45.2955
2906204;"Canarana";BA;-11.6837;-41.7687
2608057;"Jatobá";PE;-9.1849;-38.2691
2410801;"Riacho de Santana";RN;-6.2651;-38.3160
2500734;"Amparo";PB;-7.5696;-37.0645
4202206;"Benedito Novo";SC;-26.7817;-49.3646
2922508;"Nazaré";BA;-13.0334;-39.0092
5211602;"Ivolândia";GO;-16.6042;-50.7932
2508901;"Mamanguape";PB;-6.8356;-35.1202
4104600;"Capitão Leônidas Marques";PR;-25.4896;-53.6074
4308300;"Fontoura Xavier";RS;-28.9835;-52.3459
4120309;"Porto Vitória";PR;-26.1614;-51.2312
4316600;"Sananduva";RS;-27.9512;-51.8086
2101202;"Bacabal";MA;-4.2294;-44.7758
2109502;"Riachão";MA;-7.3626;-46.6182
5219753;"Santo Antônio do Descoberto";GO;-15.9464;-48.2632
3135456;"Jenipapo de Minas";MG;-17.0830;-42.2589
2616209;"Vertentes";PE;-7.9040;-35.9881
2402600;"Ceará-Mirim";RN;-5.6370;-35.4229
3119104;"Corinto";MG;-18.3627;-44.4555
2906303;"Canavieiras";BA;-15.6810;-38.9445
2313351;"Tejuçuoca";CE;-3.9898;-39.5797
3167905;"Tabuleiro";MG;-21.3592;-43.2478
3102506;"Amparo do Serra";MG;-20.5071;-42.8026
4202305;"Biguaçu";SC;-27.4956;-48.6548
4300109;"Agudo";RS;-29.6426;-53.2495
5203401;"Bom Jardim de Goiás";GO;-16.2029;-52.1755
3306206;"Vassouras";RJ;-22.4044;-43.6578
2500700;"São João do Rio do Peixe";PB;-6.7231;-38.4543
4308409;"Formigueiro";RS;-30.0015;-53.5011
5211701;"Jandaia";GO;-17.0477;-50.1451
4112108;"Jandaia do Sul";PR;-23.6010;-51.6449
5219738;"Santo Antônio de Goiás";GO;-16.4842;-49.3104
5104609;"Itiquira";MT;-17.2063;-54.1482
2101301;"Bacuri";MA;-1.7282;-45.1420
2608008;"Jataúba";PE;-7.9854;-36.4985
3159704;"Santa Rosa da Serra";MG;-19.5280;-45.9649
2313708;"Umari";CE;-6.6443;-38.7004
3200409;"Anchieta";ES;-20.8122;-40.6342
5203500;"Bom Jesus de Goiás";GO;-18.2175;-49.7353
4300208;"Ajuricaba";RS;-28.2393;-53.7706
3543253;"Ribeirão Grande";SP;-24.0969;-48.3657
3306305;"Volta Redonda";RJ;-22.5086;-44.0942
4128559;"Vera Cruz do Oeste";PR;-25.0581;-53.8771
4103909;"Campina da Lagoa";PR;-24.5923;-52.8044
2109452;"Raposa";MA;-2.4412;-44.1105
2410603;"Rafael Godeiro";RN;-6.0749;-37.7169
4315909;"Rodeio Bonito";RS;-27.4748;-53.1685
2206357;"Milton Brandão";PI;-4.7022;-41.4485
3110509;"Camanducaia";MG;-22.7430;-46.1330
4210308;"Major Vieira";SC;-26.3653;-50.3280
3143708;"Morro do Pilar";MG;-19.2172;-43.3768
3503000;"Aramina";SP;-20.0895;-47.7854
3510401;"Capivari";SP;-22.9988;-47.5043
3151503;"Piumhi";MG;-20.4683;-45.9611
2615508;"Tracunhaém";PE;-7.8043;-35.2398
3127354;"Glaucilândia";MG;-16.8519;-43.6934
2500775;"Aparecida";PB;-6.7848;-38.0841
2109304;"Presidente Vargas";MA;-3.4081;-44.0288
2305506;"Iguatu";CE;-6.3704;-39.3139
2206720;"Nazária";PI;-5.3502;-42.8201
2930600;"Serrolândia";BA;-11.4156;-40.3014
3127339;"Gameleiras";MG;-15.0830;-43.1171
4128534;"Ventania";PR;-24.2501;-50.2434
4307708;"Esteio";RS;-29.8534;-51.1789
2914802;"Itabuna";BA;-14.8053;-39.2767
4120358;"Pranchita";PR;-26.0207;-53.7388
4104006;"Campina Grande do Sul";PR;-25.3060;-49.0541
3102308;"Alvinópolis";MG;-20.1084;-43.0579
4202107;"Barra Velha";SC;-26.6332;-48.6846
1303304;"Novo Aripuanã";AM;-5.1209;-60.3800
2402402;"Carnaúba dos Dantas";RN;-6.5558;-36.5937
5211503;"Itumbiara";GO;-18.4194;-49.2162
2206704;"Nazaré do Piauí";PI;-6.9745;-42.6723
4202099;"Barra Bonita";SC;-26.6531;-53.4399
3135506;"Jequeri";MG;-20.4534;-42.6667
1707652;"Figueirópolis";TO;-12.1418;-49.1701
2607307;"Ipubi";PE;-7.6509;-40.1474
2922409;"Mutuípe";BA;-13.2278;-39.5032
3551504;"Serrana";SP;-21.2037;-47.6036
2101103;"Axixá";MA;-2.8381;-44.0520
2615607;"Trindade";PE;-7.7618;-40.2636
2206696;"Murici dos Portelas";PI;-3.3229;-42.0902
2305605;"Independência";CE;-5.3938;-40.3132
2906600;"Candiba";BA;-14.4106;-42.8655
3168200;"Tapiraí";MG;-19.8873;-46.0206
2509305;"Mataraca";PB;-6.6016;-35.0503
4120333;"Prado Ferreira";PR;-23.0404;-51.4422
2109270;"Presidente Sarney";MA;-2.5939;-45.3646
3135357;"Japonvar";MG;-15.9991;-44.2729
3306107;"Valença";RJ;-22.2463;-43.7056
2402501;"Carnaubais";RN;-5.3380;-36.8341
4202081;"Bandeirante";SC;-26.7678;-53.6393
3502309;"Anhembi";SP;-22.7902;-48.1272
3535002;"Palestina";SP;-20.3916;-49.4343
3127305;"Galiléia";MG;-19.0017;-41.5382
5203302;"Bela Vista de Goiás";GO;-16.9748;-48.9526
3543303;"Ribeirão Pires";SP;-23.7086;-46.4134
3160009;"Santo Antônio do Aventureiro";MG;-21.7583;-42.8175
4202073;"Balneário Gaivota";SC;-29.1569;-49.5793
3168309;"Taquaraçu de Minas";MG;-19.6683;-43.6890
2313757;"Umirim";CE;-3.6772;-39.3456
2501104;"Areia";PB;-6.9671;-35.7025
2929909;"Seabra";BA;-12.4188;-41.7680
2607406;"Itacuruba";PE;-8.7275;-38.6849
2206670;"Morro do Chapéu do Piauí";PI;-3.7445;-42.3114
4103958;"Campina do Simão";PR;-25.1034;-51.8085
3526803;"Lençóis Paulista";SP;-22.6035;-48.8025
5104500;"Indiavaí";MT;-15.4961;-58.5775
4315958;"Rolador";RS;-28.2576;-54.8173
4202057;"Balneário Barra do Sul";SC;-26.4597;-48.6068
3143500;"Morada Nova de Minas";MG;-18.6071;-45.3570
5219100;"Santa Bárbara de Goiás";GO;-16.5739;-49.6938
3160108;"Santo Antônio do Grama";MG;-20.3152;-42.6096
2921708;"Morro do Chapéu";BA;-11.5512;-41.1576
1507607;"São Miguel do Guamá";PA;-1.6245;-47.4850
4103800;"Cambira";PR;-23.5996;-51.5761
3135308;"Japaraíba";MG;-20.1416;-45.5048
4120150;"Porto Barreiro";PR;-25.5496;-52.4082
2411007;"Rodolfo Fernandes";RN;-5.7890;-38.0604
3143609;"Morro da Garça";MG;-18.5473;-44.6027
4218509;"Treze Tílias";SC;-26.9995;-51.4073
4202156;"Belmonte";SC;-26.8425;-53.5761
3518602;"Guariba";SP;-21.3607;-48.2274
2305407;"Icó";CE;-6.4013;-38.8614
2509370;"Mato Grosso";PB;-6.5429;-37.7135
3551306;"Sebastianópolis do Sul";SP;-20.6559;-49.9217
2615409;"Toritama";PE;-8.0091;-36.0549
2206753;"Nossa Senhora de Nazaré";PI;-4.6336;-42.1716
3151909;"Pocrane";MG;-19.6204;-41.6358
3110905;"Campanha";MG;-21.8351;-45.3994
1707702;"Filadélfia";TO;-7.3370;-47.4893
1507458;"São Geraldo do Araguaia";PA;-6.3874;-48.5611
1303205;"Novo Airão";AM;-2.6233;-60.9429
3135407;"Jeceaba";MG;-20.5358;-43.9828
4202131;"Bela Vista do Toldo";SC;-26.2738;-50.4652
2402808;"Coronel Ezequiel";RN;-6.3855;-36.2166
2313559;"Tururu";CE;-3.5995;-39.4358
3535309;"Palmital";SP;-22.7862;-50.2208
3543238;"Ribeirão dos Índios";SP;-21.8383;-51.6042
2800100;"Amparo do São Francisco";SE;-10.1301;-36.9269
2509339;"Matinhas";PB;-7.1221;-35.7714
3306156;"Varre-Sai";RJ;-20.9288;-41.8680
2607208;"Ipojuca";PE;-8.4002;-35.0637
3551405;"Serra Azul";SP;-21.3118;-47.5679
4218855;"União do Oeste";SC;-26.7625;-52.8550
3102704;"Cachoeira de Pajeú";MG;-15.9642;-41.4961
2906501;"Candeias";BA;-12.6459;-38.5375
3168101;"Tapira";MG;-19.9247;-46.8224
5104559;"Itaúba";MT;-11.0074;-55.2423
2701704;"Capela";AL;-9.4155;-36.0750
2501153;"Areia de Baraúnas";PB;-7.1236;-36.9457
4128401;"Uraí";PR;-23.2011;-50.7960
2100477;"Alto Alegre do Pindaré";MA;-3.6661;-45.8447
5218904;"Rubiataba";GO;-15.1649;-49.8026
4315750;"Riozinho";RS;-29.6406;-50.4594
3127206;"Funilândia";MG;-19.3669;-44.0565
3535408;"Panorama";SP;-21.3612;-51.8573
3543204;"Ribeirão do Sul";SP;-22.7844;-49.9330
2305357;"Icapuí";CE;-4.7106;-37.3557
3142908;"Monte Azul";MG;-15.1532;-42.8712
3502200;"Angatuba";SP;-23.4890;-48.4175
1716208;"Paranã";TO;-12.6147;-47.8821
5104542;"Itanhangá";MT;-12.2373;-56.6472
2914653;"Itabela";BA;-16.5729;-39.5583
4307559;"Estação";RS;-27.9137;-52.2623
1507409;"São Francisco do Pará";PA;-1.1697;-47.7973
3159902;"Santo Antônio do Amparo";MG;-20.9480;-44.9167
5006606;"Ponta Porã";MS;-22.5385;-55.7246
4120200;"Porto Rico";PR;-22.7751;-53.2673
1303536;"Presidente Figueiredo";AM;-2.0502;-60.0270
3527207;"Lorena";SP;-22.7384;-45.1158
3119005;"Cordislândia";MG;-21.7923;-45.7014
2411056;"Tibau";RN;-4.8359;-37.2554
5104526;"Ipiranga do Norte";MT;-12.2407;-56.1468
3134707;"Jacinto";MG;-16.1449;-40.2916
5219001;"Sanclerlândia";GO;-16.1992;-50.3095
2709202;"Traipu";AL;-9.9710;-37.0031
2509156;"Marizópolis";PB;-6.8444;-38.3533
4112009;"Jaguariaíva";PR;-24.2481;-49.7061
2100436;"Alto Alegre do Maranhão";MA;-4.2096;-44.4440
4202453;"Bombinhas";SC;-27.1522;-48.5011
3151701;"Poço Fundo";MG;-21.7863;-45.9660
1507508;"São João do Araguaia";PA;-5.3555;-48.7889
5103858;"Gaúcha do Norte";MT;-13.1867;-53.2586
2100550;"Amapá do Maranhão";MA;-1.6749;-46.0099
2313609;"Ubajara";CE;-3.8542;-40.9203
2701001;"Boca da Mata";AL;-9.6427;-36.2200
1303502;"Pauini";AM;-7.7149;-66.9992
3519006;"Herculândia";SP;-22.0045;-50.3860
2206654;"Morro Cabeça no Tempo";PI;-9.7279;-43.9072
2709301;"União dos Palmares";AL;-9.1583;-36.0324
3126505;"Francisco Badaró";MG;-16.9902;-42.3524
4218905;"Urubici";SC;-28.0156;-49.5924
3151800;"Poços de Caldas";MG;-21.7864;-46.5681
3551702;"Sertãozinho";SP;-21.1370;-47.9928
2615805;"Tupanatinga";PE;-8.7537;-37.3396
2929750;"Saubara";BA;-12.7386;-38.7676
4315800;"Roca Sales";RS;-29.2846;-51.8698
3510807;"Casa Branca";SP;-21.7740;-47.0866
1507474;"São João de Pirabas";PA;-0.7688;-47.1742
2108702;"Pio XII";MA;-3.8906;-45.1699
5006408;"Pedro Gomes";MS;-18.1006;-54.5551
4202537;"Bom Jesus";SC;-26.7370;-52.3951
3535200;"Palmeira d'Oeste";SP;-20.4166;-50.7624
4218756;"Tunápolis";SC;-26.9709;-53.6396
2701100;"Branquinha";AL;-9.2473;-36.0162
2517407;"Zabelê";PB;-8.0751;-37.0980
1303601;"Santa Isabel do Rio Negro";AM;-0.4152;-65.0191
1507466;"São João da Ponta";PA;-0.8489;-47.9226
2914703;"Itaberaba";BA;-12.5318;-40.3054
3118304;"Conselheiro Lafaiete";MG;-20.6603;-43.7857
4210704;"Matos Costa";SC;-26.4747;-51.1501
4307609;"Estância Velha";RS;-29.6484;-51.1771
5210901;"Itapaci";GO;-14.9555;-49.5488
3543501;"Riversul";SP;-23.8284;-49.4357
2607604;"Ilha de Itamaracá";PE;-7.7481;-34.8246
3551801;"Sete Barras";SP;-24.3914;-47.9259
4128807;"Xambrê";PR;-23.7321;-53.4946
3527009;"Lindóia";SP;-22.5256;-46.6447
2100501;"Alto Parnaíba";MA;-9.1118;-45.9333
2206605;"Monte Alegre do Piauí";PI;-9.7505;-45.3050
5219308;"Santa Helena de Goiás";GO;-17.8137;-50.5972
4210555;"Marema";SC;-26.8029;-52.6255
4202503;"Bom Jardim da Serra";SC;-28.3371;-49.6257
3118403;"Conselheiro Pena";MG;-19.1721;-41.4726
2312908;"Sobral";CE;-3.6839;-40.3563
3151107;"Pirapetinga";MG;-21.6566;-42.3448
1303569;"Rio Preto da Eva";AM;-2.6996;-59.6996
2205953;"Marcolândia";PI;-7.4446;-40.6622
2509206;"Massaranduba";PB;-7.1802;-35.7343
3543600;"Rifaina";SP;-20.0813;-47.4229
2709103;"Taquarana";AL;-9.6455;-36.4962
3527108;"Lins";SP;-21.6721;-49.7418
1507805;"Senador José Porfírio";PA;-2.5915;-51.9548
4120606;"Prudentópolis";PR;-25.2149;-50.9813
5103908;"General Carneiro";MT;-15.7049;-52.7571
4218707;"Tubarão";SC;-28.4838;-49.0064
4104253;"Campo Magro";PR;-25.3706;-49.4500
3518800;"Guarulhos";SP;-23.4702;-46.5312
2501005;"Araruna";PB;-6.5304;-35.7403
2108504;"Pindaré-Mirim";MA;-3.6057;-45.3420
4128633;"Doutor Ulysses";PR;-24.5686;-49.4206
2929800;"Saúde";BA;-10.9412;-40.4190
2313005;"Solonópole";CE;-5.7306;-39.0072
2914000;"Ipirá";BA;-12.1616;-39.7463
3510609;"Carapicuíba";SP;-23.5180;-46.8404
1303403;"Parintins";AM;-2.6264;-56.7349
2516706;"Teixeira";PB;-7.2220;-37.2540
2700904;"Belo Monte";AL;-9.8287;-37.2802
4112405;"Japurá";PR;-23.4707;-52.5568
3518909;"Guzolândia";SP;-20.6509;-50.6626
1507904;"Soure";PA;-0.7293;-48.5207
4128625;"Alto Paraíso";PR;-23.5059;-53.7270
4316105;"Ronda Alta";RS;-27.7804;-52.8071
4210506;"Maravilha";SC;-26.7604;-53.1743
3126406;"Fortuna de Minas";MG;-19.5611;-44.4476
3551603;"Serra Negra";SP;-22.6107;-46.7000
2205904;"Manoel Emídio";PI;-8.0131;-43.8713
4218806;"Turvo";SC;-28.9276;-49.6781
2921609;"Morpará";BA;-11.5598;-43.2804
2100303;"Aldeias Altas";MA;-4.6288;-43.4710
4128609;"Verê";PR;-25.8781;-52.9052
2914109;"Ipupiara";BA;-11.8220;-42.6126
2108603;"Pinheiro";MA;-2.5193;-45.0810
3159357;"Santa Rita de Minas";MG;-19.8745;-42.1330
2304806;"Granjeiro";CE;-6.8900;-39.2173
2905800;"Camamu";BA;-13.9426;-39.1039
2607653;"Itambé";PE;-7.4046;-35.1200
2508505;"Livramento";PB;-7.3755;-36.9476
4104204;"Campo Largo";PR;-25.4552;-49.5180
3510708;"Cardoso";SP;-20.0796;-49.9151
2516805;"Triunfo";PB;-6.5786;-38.5978
2930154;"Serra do Ramalho";BA;-13.5438;-43.5754
1200435;"Santa Rosa do Purus";AC;-9.4343;-70.4936
1200500;"Sena Madureira";AC;-9.0639;-68.6561
1200054;"Assis Brasil";AC;-10.9401;-69.5672
1200344;"Manoel Urbano";AC;-8.8364;-69.2577
1304237;"Tonantins";AM;-2.8627;-67.7764
1301605;"Fonte Boa";AM;-2.5150;-66.1040
1302306;"Jutaí";AM;-2.7425;-66.7687
1302108;"Japurá";AM;-1.8792;-66.9980
1300706;"Boca do Acre";AM;-8.7724;-67.3360
1302405;"Lábrea";AM;-7.2656;-64.7962
1301852;"Iranduba";AM;-3.2800;-60.1847
1302603;"Manaus";AM;-3.0922;-60.0604
